{
  "0": {
    "[6, 28, 41, 56, 5]": {
      "0": 0.4346393700795636,
      "3": 0.5653606299204365
    }
  },
  "1": {
    "[5, 1, 45, 37, 21, 50, 42, 40, 4]": {
      "1": 0.49349039057666266,
      "2": 0.5065096094233373
    }
  },
  "2": {
    "[10, 7, 62, 3, 37, 23, 20, 0, 56, 34]": {
      "0": 0.25479916046998075,
      "2": 0.49260959326062426,
      "1": 0.2525912462693949
    }
  },
  "3": {
    "[6, 54, 23, 30, 37]": {
      "1": 0.41509092302131745,
      "3": 0.5849090769786826
    }
  },
  "4": {
    "[43, 61, 2, 42]": {
      "0": 0.42621330050836564,
      "1": 0.5737866994916344
    }
  },
  "5": {
    "[60, 47, 34, 50, 4]": {
      "2": 0.31534449435950007,
      "1": 0.6846555056404999
    }
  },
  "6": {
    "[31, 10, 27, 17, 23, 46, 26, 4]": {
      "2": 0.2598308171712949,
      "0": 0.5146489816333077,
      "3": 0.22552020119539748
    }
  },
  "7": {
    "[7, 9, 37, 3]": {
      "2": 0.31520961653456764,
      "1": 0.6847903834654323
    }
  },
  "8": {
    "[23, 22, 41, 2, 39]": {
      "1": 0.2855863632364639,
      "3": 0.7144136367635361
    }
  },
  "9": {
    "[19, 15, 61, 14, 30, 62]": {
      "1": 0.2994328855840144,
      "3": 0.7005671144159856
    }
  },
  "10": {
    "[22, 15, 32, 27, 21, 26, 55]": {
      "1": 0.3170901639374248,
      "3": 0.6829098360625753
    }
  },
  "11": {
    "[25, 39, 10, 6, 16, 26, 36, 4, 0]": {
      "1": 0.25775218047148757,
      "3": 0.5243873672435576,
      "0": 0.21786045228495482
    }
  },
  "12": {
    "[1, 49, 13, 14, 4, 46, 34]": {
      "3": 0.30416866973758383,
      "0": 0.6958313302624162
    }
  },
  "13": {
    "[14, 60, 44, 63, 59]": {
      "2": 0.5713520346221427,
      "1": 0.4286479653778574
    }
  },
  "14": {
    "[4, 17, 51, 32, 50, 59, 0, 54, 10]": {
      "0": 0.2363720077545268,
      "2": 0.47869362470282206,
      "1": 0.2849343675426513
    }
  },
  "15": {
    "[50, 12, 18, 14, 45, 47, 46, 10, 13]": {
      "0": 0.2136809556616017,
      "3": 0.44616008538624086,
      "2": 0.3401589589521576
    }
  }
}