{
  "0": {
    "[6, 28, 41, 56, 5, 3, 62, 12, 48, 1]": {
      "1": 0.3325941367069219,
      "3": 0.3366542990835772,
      "0": 0.33075156420950097
    }
  },
  "1": {
    "[5, 1, 45, 37, 21, 50, 42, 40, 4]": {
      "0": 0.4941295649829953,
      "3": 0.5058704350170047
    }
  },
  "2": {
    "[10, 62, 3, 23, 20]": {
      "0": 0.29009177030772965,
      "3": 0.7099082296922704
    }
  },
  "3": {
    "[6, 54, 23, 30, 37]": {
      "1": 0.3982620385719575,
      "3": 0.6017379614280425
    }
  },
  "4": {
    "[43, 61, 2, 42, 48]": {
      "0": 0.4240735204790003,
      "1": 0.5759264795209997
    }
  },
  "5": {
    "[60, 47, 34, 50, 4]": {
      "3": 0.2827596344274207,
      "1": 0.7172403655725793
    }
  },
  "6": {
    "[31, 10, 27, 17, 23, 46, 26, 4]": {
      "3": 0.25602217175923625,
      "1": 0.5157529456810589,
      "2": 0.22822488255970494
    }
  },
  "7": {
    "[7, 54, 37, 40]": {
      "2": 0.2995928331542585,
      "1": 0.7004071668457416
    }
  },
  "8": {
    "[23, 22, 41, 2, 39, 13]": {
      "0": 0.2955109515466212,
      "3": 0.7044890484533788
    }
  },
  "9": {
    "[19, 15, 61, 14, 30, 62, 25]": {
      "0": 0.2884620116669517,
      "3": 0.7115379883330484
    }
  },
  "10": {
    "[22, 15, 32, 27, 21, 26, 55, 52]": {
      "1": 0.29589160839479445,
      "3": 0.7041083916052057
    }
  },
  "11": {
    "[25, 39, 10, 6, 16, 26, 36, 4, 0]": {
      "0": 0.24198949406856604,
      "3": 0.5205219070062558,
      "1": 0.23748859892517818
    }
  },
  "12": {
    "[1, 49, 13, 14, 4, 46, 34]": {
      "2": 0.32046439832139284,
      "1": 0.6795356016786072
    }
  },
  "13": {
    "[14, 60, 44, 63, 59]": {
      "3": 0.5795884393812648,
      "0": 0.42041156061873514
    }
  },
  "14": {
    "[4, 17, 51, 32, 50, 59, 0, 54, 10, 29]": {
      "1": 0.22460445388920158,
      "3": 0.4477843352001991,
      "0": 0.3276112109105993
    }
  },
  "15": {
    "[50, 12, 18, 14, 45, 47, 46, 10, 13, 11]": {
      "0": 0.21571677744563267,
      "3": 0.4176826846117201,
      "2": 0.36660053794264724
    }
  }
}