{
  "0": {
    "[6, 28, 41, 56]": {
      "0": 0.36246159670550737,
      "3": 0.6375384032944926
    }
  },
  "1": {
    "[5, 1, 45, 37, 21, 50, 42, 40, 4]": {
      "0": 0.5109087105304785,
      "2": 0.4890912894695216
    }
  },
  "2": {
    "[10, 7, 62, 3, 37, 20, 56, 38, 41]": {
      "0": 0.27128923607973277,
      "2": 0.47452503569065124,
      "1": 0.254185728229616
    }
  },
  "3": {
    "[6, 54, 23, 30, 37]": {
      "0": 0.38140694568290073,
      "2": 0.6185930543170993
    }
  },
  "4": {
    "[43, 61, 2, 42, 48]": {
      "0": 0.38349537188296884,
      "1": 0.6165046281170312
    }
  },
  "5": {
    "[60, 34, 4, 7]": {
      "3": 0.3398496240636661,
      "1": 0.6601503759363339
    }
  },
  "6": {
    "[31, 10, 27, 17, 23, 46, 19, 26]": {
      "2": 0.24525226691779148,
      "1": 0.4714597030062279,
      "3": 0.2832880300759806
    }
  },
  "7": {
    "[54, 37, 40, 28, 20]": {
      "3": 0.36260288397776624,
      "1": 0.6373971160222337
    }
  },
  "8": {
    "[23, 22, 51, 41, 48, 2, 39, 13, 31, 53]": {
      "0": 0.23758808381138122,
      "2": 0.44315466183050695,
      "1": 0.31925725435811186
    }
  },
  "9": {
    "[19, 15, 61, 14, 30, 62, 25]": {
      "0": 0.31787210156193496,
      "3": 0.6821278984380651
    }
  },
  "10": {
    "[22, 15, 32, 27, 21, 26, 55, 52, 61, 35, 58, 41, 37]": {
      "1": 0.23052863630454232,
      "3": 0.4746359984027541,
      "0": 0.29483536529270354
    }
  },
  "11": {
    "[25, 39, 10, 6, 16, 26, 36, 4, 0]": {
      "0": 0.2666678416413588,
      "3": 0.4638572868053084,
      "1": 0.26947487155333283
    }
  },
  "12": {
    "[1, 49, 13, 14, 4, 46]": {
      "2": 0.3620212294357718,
      "1": 0.6379787705642281
    }
  },
  "13": {
    "[14, 60, 44, 63, 59]": {
      "3": 0.5927640603551381,
      "0": 0.40723593964486193
    }
  },
  "14": {
    "[4, 17, 51, 32, 50, 59, 0, 54, 10, 29]": {
      "0": 0.2108062867390582,
      "3": 0.40200923207759054,
      "1": 0.38718448118335125
    }
  },
  "15": {
    "[50, 12, 18, 14, 45, 47, 46, 10, 13, 11]": {
      "0": 0.2355897067332551,
      "2": 0.3856169624166316,
      "3": 0.37879333085011335
    }
  }
}