{
  "0": {
    "[6, 28, 41, 56, 5, 3, 62, 12, 48, 1, 11]": {
      "1": 0.31354906029524043,
      "3": 0.3531082716075712,
      "2": 0.3333426680971883
    }
  },
  "1": {
    "[5, 1, 14, 45, 37, 21, 50, 42, 40, 4]": {
      "0": 0.48173635368540463,
      "2": 0.5182636463145954
    }
  },
  "2": {
    "[10, 7, 62, 3, 37, 23, 20, 0, 56, 34, 38, 26, 41]": {
      "0": 0.24269264993908807,
      "3": 0.44759569996624227,
      "1": 0.30971165009466955
    }
  },
  "3": {
    "[6, 54, 23, 30, 37]": {
      "1": 0.40587159281518087,
      "3": 0.5941284071848191
    }
  },
  "4": {
    "[43, 61, 2, 42]": {
      "1": 0.4251658072862924,
      "0": 0.5748341927137077
    }
  },
  "5": {
    "[60, 47, 39, 34, 50, 4, 7, 12, 57, 1]": {
      "2": 0.2600494538600194,
      "1": 0.482497117078858,
      "3": 0.25745342906112245
    }
  },
  "6": {
    "[31, 10, 27, 17, 23, 46, 19, 26, 4, 13]": {
      "2": 0.2720518277743446,
      "0": 0.3749417492080336,
      "1": 0.3530064230176218
    }
  },
  "7": {
    "[7, 54, 37, 40, 28]": {
      "2": 0.4157525187063199,
      "0": 0.5842474812936801
    }
  },
  "8": {
    "[23, 22, 51, 41, 48, 2, 39, 13, 31, 53, 56]": {
      "0": 0.27373407312265996,
      "3": 0.40613024350310006,
      "1": 0.32013568337424003
    }
  },
  "9": {
    "[19, 15, 61, 14, 30, 62, 25]": {
      "0": 0.386946810911556,
      "3": 0.613053189088444
    }
  },
  "10": {
    "[22, 15, 32, 27, 21, 26, 55, 52, 61, 35, 58, 41, 37, 29, 49]": {
      "0": 0.29294818556146696,
      "3": 0.40342850167571964,
      "1": 0.3036233127628134
    }
  },
  "11": {
    "[25, 39, 10, 6, 16, 26, 36, 4, 0]": {
      "0": 0.2859418352934811,
      "3": 0.381606291791899,
      "2": 0.33245187291462
    }
  },
  "12": {
    "[1, 49, 13, 14, 4, 46, 34, 39]": {
      "2": 0.38147670725993993,
      "1": 0.6185232927400599
    }
  },
  "13": {
    "[14, 60, 44, 63, 59]": {
      "2": 0.5708120766066603,
      "0": 0.4291879233933397
    }
  },
  "14": {
    "[4, 17, 51, 32, 50, 59, 0, 54, 10, 29, 34, 16, 21, 57, 15, 53]": {
      "0": 0.1820254638010325,
      "3": 0.33629376206738537,
      "1": 0.26440006422262713,
      "2": 0.217280709908955
    }
  },
  "15": {
    "[50, 12, 18, 14, 45, 47, 46, 10, 13, 11, 37, 55, 2, 4, 62, 24]": {
      "0": 0.17982388548461964,
      "3": 0.3476265526829463,
      "2": 0.2938544122539895,
      "1": 0.17869514957844473
    }
  }
}