{
  "vanilla_placement": {
    "gpu": {
      "mean": 61184.0,
      "var": 184778142.125,
      "std": 12675.39526263043,
      "max": 79570.4375,
      "min": 46660.0625
    },
    "node": {
      "mean": 122368.0,
      "var": 331447496.625,
      "std": 14827.0,
      "max": 137195.0,
      "min": 107541.0
    }
  },
  "spectral_even_placement": {
    "gpu": {
      "mean": 61184.0,
      "var": 1115967437.0,
      "std": 31309.870917549015,
      "max": 104258.375,
      "min": 20635.75
    },
    "node": {
      "mean": 122368.0,
      "var": 1809439657.0625,
      "std": 38025.4375,
      "max": 160393.4375,
      "min": 84342.5625
    }
  },
  "spectral_semi_even_0.1_placement": {
    "gpu": {
      "mean": 61184.0,
      "var": 1361976766.15625,
      "std": 34625.55334979438,
      "max": 110558.0625,
      "min": 18204.125
    },
    "node": {
      "mean": 122368.0,
      "var": 2234176026.375,
      "std": 42877.0,
      "max": 165245.0,
      "min": 79491.0
    }
  },
  "spectral_semi_even_0.2_placement": {
    "gpu": {
      "mean": 61184.0,
      "var": 1649234394.96875,
      "std": 38237.753452518096,
      "max": 118015.5625,
      "min": 16061.6875
    },
    "node": {
      "mean": 122368.0,
      "var": 2602917326.6875,
      "std": 46714.1875,
      "max": 169082.1875,
      "min": 75653.8125
    }
  },
  "spectral_semi_even_0.25_placement": {
    "gpu": {
      "mean": 61184.0,
      "var": 1832100108.75,
      "std": 40080.587009262796,
      "max": 121150.1875,
      "min": 14739.0625
    },
    "node": {
      "mean": 122368.0,
      "var": 2819311980.75,
      "std": 48785.75,
      "max": 171153.75,
      "min": 73582.25
    }
  },
  "spectral_semi_even_0.3_placement": {
    "gpu": {
      "mean": 61184.0,
      "var": 1932555541.03125,
      "std": 41291.17405841867,
      "max": 123032.375,
      "min": 14087.25
    },
    "node": {
      "mean": 122368.0,
      "var": 2999713155.0,
      "std": 50430.875,
      "max": 172798.875,
      "min": 71937.125
    }
  },
  "spectral_semi_even_0.4_placement": {
    "gpu": {
      "mean": 61184.0,
      "var": 2092902706.75,
      "std": 42678.90774679061,
      "max": 126130.1875,
      "min": 12923.8125
    },
    "node": {
      "mean": 122368.0,
      "var": 3212325104.75,
      "std": 52236.625,
      "max": 174604.625,
      "min": 70131.375
    }
  },
  "spectral_semi_even_0.5_placement": {
    "gpu": {
      "mean": 61184.0,
      "var": 2187662295.28125,
      "std": 43501.515543991525,
      "max": 128620.8125,
      "min": 14390.4375
    },
    "node": {
      "mean": 122368.0,
      "var": 3344637153.0625,
      "std": 53258.8125,
      "max": 175626.8125,
      "min": 69109.1875
    }
  },
  "spectral_semi_even_0.6_placement": {
    "gpu": {
      "mean": 61184.0,
      "var": 2338754131.25,
      "std": 44760.323245076936,
      "max": 133140.0,
      "min": 17597.5
    },
    "node": {
      "mean": 122368.0,
      "var": 3408850513.625,
      "std": 53737.125,
      "max": 176105.125,
      "min": 68630.875
    }
  },
  "spectral_semi_even_0.7_placement": {
    "gpu": {
      "mean": 61184.0,
      "var": 2331947362.84375,
      "std": 44686.54814354831,
      "max": 133377.25,
      "min": 19309.875
    },
    "node": {
      "mean": 122368.0,
      "var": 3433955346.0625,
      "std": 53902.1875,
      "max": 176270.1875,
      "min": 68465.8125
    }
  },
  "spectral_semi_even_0.75_placement": {
    "gpu": {
      "mean": 61184.0,
      "var": 2318865132.0,
      "std": 44520.41176453607,
      "max": 133442.375,
      "min": 20016.75
    },
    "node": {
      "mean": 122368.0,
      "var": 3439403840.875,
      "std": 53935.75,
      "max": 176303.75,
      "min": 68432.25
    }
  },
  "spectral_semi_even_0.8_placement": {
    "gpu": {
      "mean": 61184.0,
      "var": 2325698491.8125,
      "std": 44593.300108976924,
      "max": 133442.375,
      "min": 19782.375
    },
    "node": {
      "mean": 122368.0,
      "var": 3439403840.875,
      "std": 53935.75,
      "max": 176303.75,
      "min": 68432.25
    }
  },
  "spectral_semi_even_0.9_placement": {
    "gpu": {
      "mean": 61184.0,
      "var": 2338653828.75,
      "std": 44751.531255107424,
      "max": 133442.375,
      "min": 19194.3125
    },
    "node": {
      "mean": 122368.0,
      "var": 3439403840.875,
      "std": 53935.75,
      "max": 176303.75,
      "min": 68432.25
    }
  },
  "spectral_semi_even_1_placement": {
    "gpu": {
      "mean": 61184.0,
      "var": 2338653828.75,
      "std": 44751.531255107424,
      "max": 133442.375,
      "min": 19194.3125
    },
    "node": {
      "mean": 122368.0,
      "var": 3439403840.875,
      "std": 53935.75,
      "max": 176303.75,
      "min": 68432.25
    }
  },
  "spectral_uneven_placement": {
    "gpu": {
      "mean": 61184.0,
      "var": 2338653828.75,
      "std": 44751.531255107424,
      "max": 133442.375,
      "min": 19194.3125
    },
    "node": {
      "mean": 122368.0,
      "var": 3439403840.875,
      "std": 53935.75,
      "max": 176303.75,
      "min": 68432.25
    }
  }
}