{
  "0": {
    "[6, 28, 41, 56, 5, 3, 62, 12, 48, 1, 11]": {
      "1": 0.3128958625938568,
      "3": 0.3534442745147167,
      "2": 0.33365986289142635
    }
  },
  "1": {
    "[5, 1, 14, 45, 37, 21, 50, 42, 40, 4]": {
      "0": 0.48173635368540463,
      "2": 0.5182636463145954
    }
  },
  "2": {
    "[10, 7, 62, 3, 37, 23, 20, 0, 56, 34, 38, 26, 41, 19]": {
      "0": 0.2326302747554866,
      "3": 0.4588224422710745,
      "1": 0.30854728297343886
    }
  },
  "3": {
    "[6, 54, 23, 30, 37]": {
      "1": 0.3982620385719575,
      "3": 0.6017379614280425
    }
  },
  "4": {
    "[43, 61, 2, 42]": {
      "1": 0.4090560394653566,
      "0": 0.5909439605346434
    }
  },
  "5": {
    "[60, 47, 39, 34, 50, 4, 7, 12, 57, 1]": {
      "2": 0.2600494538600194,
      "1": 0.482497117078858,
      "3": 0.25745342906112245
    }
  },
  "6": {
    "[31, 10, 27, 17, 23, 46, 19, 4, 26, 13]": {
      "2": 0.27092796695666377,
      "0": 0.3755206123152233,
      "1": 0.35355142072811296
    }
  },
  "7": {
    "[7, 54, 37, 40, 28]": {
      "2": 0.41924553726303826,
      "0": 0.5807544627369616
    }
  },
  "8": {
    "[23, 22, 51, 41, 48, 2, 39, 13, 31, 53, 56]": {
      "0": 0.2591068498910145,
      "3": 0.425483155268128,
      "1": 0.3154099948408576
    }
  },
  "9": {
    "[19, 15, 61, 14, 30, 62, 25]": {
      "0": 0.3550025548552886,
      "3": 0.6449974451447115
    }
  },
  "10": {
    "[22, 15, 32, 27, 21, 26, 55, 52, 61, 35, 58, 41, 37, 29, 49]": {
      "0": 0.2759760043571591,
      "3": 0.41104594650082243,
      "1": 0.3129780491420186
    }
  },
  "11": {
    "[25, 39, 10, 6, 16, 26, 36, 4, 0, 30]": {
      "0": 0.29685186288235105,
      "3": 0.3752209584762402,
      "2": 0.3279271786414087
    }
  },
  "12": {
    "[1, 49, 13, 14, 4, 46, 34, 39]": {
      "2": 0.38147670725993993,
      "1": 0.6185232927400599
    }
  },
  "13": {
    "[14, 60, 44, 63, 59]": {
      "2": 0.5739158592161487,
      "0": 0.4260841407838513
    }
  },
  "14": {
    "[4, 17, 51, 32, 50, 59, 0, 54, 10, 29, 34, 16, 21, 57, 15, 53]": {
      "0": 0.17300968718450285,
      "3": 0.34107718260043335,
      "1": 0.27552556025623165,
      "2": 0.21038756995883198
    }
  },
  "15": {
    "[50, 12, 18, 14, 45, 47, 46, 10, 13, 11, 37, 55, 2, 4, 62, 24]": {
      "0": 0.17293821527850764,
      "3": 0.34746557400809264,
      "2": 0.293718334346478,
      "1": 0.18587787636692182
    }
  }
}