{
  "vanilla_placement": {
    "gpu": {
      "mean": 61184.0,
      "var": 184778142.125,
      "std": 12675.39526263043,
      "max": 79570.4375,
      "min": 46660.0625
    },
    "node": {
      "mean": 122368.0,
      "var": 331447496.625,
      "std": 14827.0,
      "max": 137195.0,
      "min": 107541.0
    }
  },
  "sonnet_spectral_uneven_multi_repli_group_several_formula_topology_placement": {
    "gpu": {
      "mean": 61184.0,
      "var": 221884436.4375,
      "std": 14047.710008105847,
      "max": 80273.25,
      "min": 43215.375
    },
    "node": {
      "mean": 122368.0,
      "var": 225041703.0625,
      "std": 13827.1875,
      "max": 136195.1875,
      "min": 108540.8125
    }
  },
  "sonnet_spectral_uneven_multi_repli_group_several_part_of_topology_placement": {
    "gpu": {
      "mean": 61184.0,
      "var": 238509045.6875,
      "std": 14682.569313992128,
      "max": 82476.875,
      "min": 43586.0625
    },
    "node": {
      "mean": 122368.0,
      "var": 268231945.5625,
      "std": 13602.0625,
      "max": 135970.0625,
      "min": 108765.9375
    }
  },
  "node6_gpu6_multi_part_of_topology_placement": {
    "gpu": {
      "mean": 61184.0,
      "var": 212949150.28125,
      "std": 13844.072763463848,
      "max": 80534.625,
      "min": 43959.0625
    },
    "node": {
      "mean": 122368.0,
      "var": 258685933.8125,
      "std": 13403.4375,
      "max": 135771.4375,
      "min": 108964.5625
    }
  },
  "node25_gpu6_multi_part_of_topology_placement": {
    "gpu": {
      "mean": 61184.0,
      "var": 223994452.96875,
      "std": 14221.617854601436,
      "max": 79002.6875,
      "min": 42437.8125
    },
    "node": {
      "mean": 122368.0,
      "var": 214753908.6875,
      "std": 12833.4375,
      "max": 135201.4375,
      "min": 109534.5625
    }
  },
  "node2_gpu6_multi_part_of_topology_placement": {
    "gpu": {
      "mean": 61184.0,
      "var": 303013587.90625,
      "std": 15794.999001741271,
      "max": 82244.0,
      "min": 42005.0
    },
    "node": {
      "mean": 122368.0,
      "var": 262966355.4375,
      "std": 13343.5625,
      "max": 135711.5625,
      "min": 109024.4375
    }
  },
  "node15_gpu6_multi_part_of_topology_placement": {
    "gpu": {
      "mean": 61184.0,
      "var": 269560998.15625,
      "std": 14808.51052495368,
      "max": 80291.375,
      "min": 42481.375
    },
    "node": {
      "mean": 122368.0,
      "var": 252101409.1875,
      "std": 12704.0625,
      "max": 135072.0625,
      "min": 109663.9375
    }
  },
  "node1_gpu6_multi_part_of_topology_placement": {
    "gpu": {
      "mean": 61184.0,
      "var": 258854237.21875,
      "std": 14565.837573082234,
      "max": 80537.4375,
      "min": 43702.0625
    },
    "node": {
      "mean": 122368.0,
      "var": 212622900.75,
      "std": 12096.25,
      "max": 134464.25,
      "min": 110271.75
    }
  },
  "node05_gpu6_multi_part_of_topology_placement": {
    "gpu": {
      "mean": 61184.0,
      "var": 289459116.0,
      "std": 15398.980718985036,
      "max": 80937.375,
      "min": 42567.8125
    },
    "node": {
      "mean": 122368.0,
      "var": 181169596.5625,
      "std": 11069.6875,
      "max": 133437.6875,
      "min": 111298.3125
    }
  },
  "node0_gpu6_multi_part_of_topology_placement": {
    "gpu": {
      "mean": 61184.0,
      "var": 265669847.9375,
      "std": 14550.98652459425,
      "max": 80498.5625,
      "min": 43302.75
    },
    "node": {
      "mean": 122368.0,
      "var": 124285811.4375,
      "std": 9812.3125,
      "max": 132180.3125,
      "min": 112555.6875
    }
  }
}