{
  "0": {
    "[6, 28, 41, 56]": {
      "1": 0.3784928520936556,
      "3": 0.6215071479063444
    }
  },
  "1": {
    "[5, 1, 45, 37, 21, 50, 42, 40]": {
      "0": 0.5270948900593802,
      "3": 0.4729051099406199
    }
  },
  "2": {
    "[10, 62, 3, 23, 20]": {
      "0": 0.34384779956780154,
      "3": 0.6561522004321984
    }
  },
  "3": {
    "[6, 54, 23, 30, 37]": {
      "1": 0.41509092302131745,
      "3": 0.5849090769786826
    }
  },
  "4": {
    "[43, 61, 2, 42]": {
      "0": 0.4072475368302318,
      "1": 0.5927524631697683
    }
  },
  "5": {
    "[60, 47, 34, 4]": {
      "3": 0.31553454663206415,
      "1": 0.6844654533679358
    }
  },
  "6": {
    "[31, 10, 27, 17, 23, 46, 19]": {
      "3": 0.2533295543232386,
      "1": 0.5050959807571788,
      "2": 0.24157446491958265
    }
  },
  "7": {
    "[7, 9, 37, 3]": {
      "2": 0.3513690801599887,
      "1": 0.6486309198400113
    }
  },
  "8": {
    "[23, 22, 51, 41, 48, 2, 39, 13, 31]": {
      "0": 0.2696729816542454,
      "3": 0.4646906922095521,
      "1": 0.26563632613620247
    }
  },
  "9": {
    "[19, 15, 61, 14, 30, 62]": {
      "0": 0.33877594579017883,
      "3": 0.6612240542098211
    }
  },
  "10": {
    "[22, 15, 32, 27, 21, 26]": {
      "0": 0.3482468490806221,
      "3": 0.6517531509193778
    }
  },
  "11": {
    "[25, 39, 10, 6, 16, 26, 36, 4]": {
      "0": 0.27456789072868276,
      "3": 0.5005596716723748,
      "1": 0.22487243759894238
    }
  },
  "12": {
    "[1, 49, 13, 14, 4, 46, 34]": {
      "3": 0.363728768000139,
      "1": 0.636271231999861
    }
  },
  "13": {
    "[14, 60, 44, 63, 59]": {
      "2": 0.5793226381448522,
      "0": 0.42067736185514776
    }
  },
  "14": {
    "[4, 17, 51, 32, 50, 59, 0]": {
      "0": 0.24494033363016743,
      "3": 0.466683923276314,
      "2": 0.28837574309351854
    }
  },
  "15": {
    "[50, 12, 18, 14, 45, 47, 46, 10]": {
      "0": 0.232703298380481,
      "3": 0.4171183530355667,
      "2": 0.3501783485839522
    }
  }
}