{
  "0": {
    "[0, 1, 3, 4, 5, 6, 9, 11, 12, 16, 25, 26, 27, 28, 29, 33, 34, 35, 37, 41, 45, 47, 48, 51, 55, 56, 58, 61, 62]": {
      "1": 0.6024865856832643,
      "3": 0.3975134143167357
    }
  },
  "1": {
    "[0, 1, 2, 4, 5, 8, 12, 14, 19, 20, 21, 25, 28, 30, 31, 35, 37, 40, 42, 45, 46, 48, 50, 57, 58, 59]": {
      "0": 0.6464009816751763,
      "2": 0.35359901832482366
    }
  },
  "2": {
    "[0, 1, 2, 3, 5, 6, 7, 10, 19, 20, 21, 23, 25, 26, 27, 28, 29, 31, 32, 33, 34, 35, 37, 38, 39, 41, 42, 43, 44, 48, 49, 50, 52, 54, 55, 56, 57, 61, 62]": {
      "0": 0.5210854792254861,
      "3": 0.4789145207745139
    }
  },
  "3": {
    "[6, 9, 12, 14, 15, 16, 17, 19, 22, 23, 29, 30, 35, 36, 37, 39, 42, 43, 51, 54, 55, 61, 63]": {
      "1": 0.5822689225277683,
      "3": 0.4177310774722318
    }
  },
  "4": {
    "[2, 4, 18, 21, 23, 33, 39, 41, 42, 43, 48, 51, 54, 55, 59, 61]": {
      "1": 0.5903419077287977,
      "0": 0.40965809227120226
    }
  },
  "5": {
    "[0, 1, 2, 3, 4, 7, 9, 10, 11, 12, 18, 19, 20, 32, 33, 34, 39, 40, 47, 48, 50, 53, 54, 57, 59, 60, 63]": {
      "2": 0.5176390275409942,
      "1": 0.4823609724590058
    }
  },
  "6": {
    "[4, 5, 6, 7, 10, 11, 12, 13, 14, 15, 17, 19, 20, 21, 23, 26, 27, 30, 31, 33, 35, 38, 41, 42, 43, 45, 46, 51, 52, 53, 57, 58, 61, 63]": {
      "2": 0.5681442994414057,
      "0": 0.4318557005585944
    }
  },
  "7": {
    "[6, 7, 8, 10, 14, 15, 19, 20, 24, 27, 28, 29, 30, 34, 36, 37, 38, 40, 44, 50, 51, 52, 54, 57, 60, 61, 62]": {
      "2": 0.611805569181606,
      "0": 0.38819443081839394
    }
  },
  "8": {
    "[0, 2, 3, 4, 5, 8, 9, 11, 13, 14, 15, 16, 17, 19, 22, 23, 27, 28, 31, 33, 38, 39, 40, 41, 42, 43, 44, 46, 47, 48, 51, 53, 54, 56, 61, 62]": {
      "0": 0.5113519298948244,
      "3": 0.48864807010517564
    }
  },
  "9": {
    "[1, 3, 4, 5, 10, 14, 15, 19, 22, 24, 25, 29, 30, 32, 36, 38, 39, 40, 43, 44, 46, 49, 50, 51, 53, 54, 56, 58, 59, 61, 62]": {
      "0": 0.5320463828138351,
      "3": 0.46795361718616474
    }
  },
  "10": {
    "[1, 2, 3, 5, 8, 10, 13, 14, 15, 17, 18, 19, 20, 21, 22, 23, 24, 25, 26, 27, 28, 29, 31, 32, 33, 34, 35, 36, 37, 40, 41, 45, 48, 49, 51, 52, 55, 56, 58, 61]": {
      "0": 0.5589751773913062,
      "3": 0.4410248226086937
    }
  },
  "11": {
    "[0, 1, 4, 5, 6, 8, 9, 10, 11, 12, 13, 16, 19, 21, 23, 25, 26, 27, 30, 31, 32, 36, 39, 40, 42, 45, 48, 49, 50, 53, 57, 60, 61, 63]": {
      "0": 0.5807989258130453,
      "3": 0.4192010741869547
    }
  },
  "12": {
    "[1, 3, 4, 8, 10, 12, 13, 14, 16, 20, 24, 26, 29, 31, 34, 36, 38, 39, 45, 46, 48, 49, 50, 51, 52, 53, 55, 56, 57, 60, 61]": {
      "2": 0.5075907038955427,
      "1": 0.4924092961044573
    }
  },
  "13": {
    "[1, 3, 7, 11, 13, 14, 19, 20, 27, 34, 35, 39, 40, 44, 48, 49, 52, 53, 56, 59, 60, 63]": {
      "2": 0.712708549924704,
      "0": 0.287291450075296
    }
  },
  "14": {
    "[0, 2, 3, 4, 6, 8, 10, 14, 15, 16, 17, 18, 20, 21, 22, 23, 25, 28, 29, 30, 31, 32, 33, 34, 35, 36, 37, 38, 41, 43, 44, 46, 48, 49, 50, 51, 52, 53, 54, 55, 56, 57, 59, 62, 63]": {
      "0": 0.5120905402091182,
      "3": 0.48790945979088185
    }
  },
  "15": {
    "[2, 4, 5, 7, 8, 10, 11, 12, 13, 14, 15, 16, 17, 18, 19, 20, 21, 22, 23, 24, 25, 26, 27, 28, 30, 32, 34, 37, 38, 39, 40, 42, 44, 45, 46, 47, 48, 49, 50, 51, 54, 55, 56, 59, 61, 62, 63]": {
      "0": 0.5021540662861186,
      "3": 0.49784593371388147
    }
  }
}