{
  "vanilla_placement": {
    "gpu": {
      "mean": 61184.0,
      "var": 184778142.125,
      "std": 12675.39526263043,
      "max": 79570.4375,
      "min": 46660.0625
    },
    "node": {
      "mean": 122368.0,
      "var": 331447496.625,
      "std": 14827.0,
      "max": 137195.0,
      "min": 107541.0
    }
  },
  "sonnet_spectral_uneven_multi_repli_group_several_formula_topology_placement": {
    "gpu": {
      "mean": 61184.0,
      "var": 221935225.8125,
      "std": 14049.814662417792,
      "max": 80273.25,
      "min": 43206.625
    },
    "node": {
      "mean": 122368.0,
      "var": 225041703.0625,
      "std": 13827.1875,
      "max": 136195.1875,
      "min": 108540.8125
    }
  },
  "sonnet_spectral_uneven_multi_repli_group_several_part_of_topology_placement": {
    "gpu": {
      "mean": 61184.0,
      "var": 238475450.9375,
      "std": 14681.20126725817,
      "max": 82476.875,
      "min": 43591.125
    },
    "node": {
      "mean": 122368.0,
      "var": 268231945.5625,
      "std": 13602.0625,
      "max": 135970.0625,
      "min": 108765.9375
    }
  },
  "gpu1_multi_part_of_topology_placement": {
    "gpu": {
      "mean": 61184.0,
      "var": 234762035.9375,
      "std": 14504.404993777945,
      "max": 79398.75,
      "min": 42087.5
    },
    "node": {
      "mean": 122368.0,
      "var": 334106711.4375,
      "std": 15948.6875,
      "max": 138316.6875,
      "min": 106419.3125
    }
  },
  "gpu2_multi_part_of_topology_placement": {
    "gpu": {
      "mean": 61184.0,
      "var": 269432146.5625,
      "std": 15362.976959895257,
      "max": 80878.9375,
      "min": 41629.4375
    },
    "node": {
      "mean": 122368.0,
      "var": 309957418.25,
      "std": 14877.375,
      "max": 137245.375,
      "min": 107490.625
    }
  },
  "gpu3_multi_part_of_topology_placement": {
    "gpu": {
      "mean": 61184.0,
      "var": 269664196.3125,
      "std": 15362.925473990517,
      "max": 81146.8125,
      "min": 41937.8125
    },
    "node": {
      "mean": 122368.0,
      "var": 294060803.75,
      "std": 14607.0,
      "max": 136975.0,
      "min": 107761.0
    }
  },
  "gpu4_multi_part_of_topology_placement": {
    "gpu": {
      "mean": 61184.0,
      "var": 272100104.34375,
      "std": 15144.266576176373,
      "max": 80758.125,
      "min": 42422.25
    },
    "node": {
      "mean": 122368.0,
      "var": 278667833.625,
      "std": 13673.75,
      "max": 136041.75,
      "min": 108694.25
    }
  },
  "gpu5_multi_part_of_topology_placement": {
    "gpu": {
      "mean": 61184.0,
      "var": 261596444.40625,
      "std": 14674.051359384526,
      "max": 80532.6875,
      "min": 42782.75
    },
    "node": {
      "mean": 122368.0,
      "var": 264425955.875,
      "std": 13259.25,
      "max": 135627.25,
      "min": 109108.75
    }
  },
  "gpu6_multi_part_of_topology_placement": {
    "gpu": {
      "mean": 61184.0,
      "var": 269504201.03125,
      "std": 14806.24076080215,
      "max": 80291.375,
      "min": 42490.5625
    },
    "node": {
      "mean": 122368.0,
      "var": 252101409.1875,
      "std": 12704.0625,
      "max": 135072.0625,
      "min": 109663.9375
    }
  }
}