{
  "0": {
    "[6, 28, 41, 56, 5, 3, 62, 12, 48, 1]": {
      "1": 0.31080585388611665,
      "3": 0.35470798096786915,
      "2": 0.3344861651460142
    }
  },
  "1": {
    "[5, 1, 14, 45, 37, 21, 50, 42, 40]": {
      "0": 0.4747408867278036,
      "2": 0.5252591132721964
    }
  },
  "2": {
    "[10, 7, 62, 3, 37, 23, 20, 0, 56, 34, 38, 26]": {
      "0": 0.24905662917007496,
      "3": 0.4557720352010307,
      "2": 0.29517133562889425
    }
  },
  "3": {
    "[6, 54, 23, 30, 37]": {
      "1": 0.41509092302131745,
      "3": 0.5849090769786826
    }
  },
  "4": {
    "[43, 61, 2, 42]": {
      "1": 0.4457812606219443,
      "0": 0.5542187393780558
    }
  },
  "5": {
    "[60, 47, 39, 34, 50, 4, 7, 12, 57, 1]": {
      "2": 0.2714113550016563,
      "1": 0.46226026146175286,
      "3": 0.2663283835365907
    }
  },
  "6": {
    "[31, 10, 27, 17, 23, 46, 19, 26, 4, 13]": {
      "2": 0.2737439099688929,
      "0": 0.3740702142800895,
      "1": 0.3521858757510176
    }
  },
  "7": {
    "[7, 54, 37, 40, 28]": {
      "2": 0.4157525187063199,
      "0": 0.5842474812936801
    }
  },
  "8": {
    "[23, 22, 51, 41, 48, 2, 39, 13, 31, 53]": {
      "0": 0.2697367683152117,
      "3": 0.41688187227412615,
      "1": 0.31338135941066203
    }
  },
  "9": {
    "[19, 15, 61, 14, 30, 62, 25]": {
      "0": 0.3912995497499883,
      "3": 0.6087004502500118
    }
  },
  "10": {
    "[22, 15, 32, 27, 21, 26, 55, 52, 61, 35, 58, 41, 37]": {
      "0": 0.30256713149487385,
      "3": 0.4184630643933318,
      "1": 0.27896980411179445
    }
  },
  "11": {
    "[25, 39, 10, 6, 16, 26, 36, 4, 0]": {
      "0": 0.28845653745102656,
      "3": 0.38026238703352894,
      "2": 0.33128107551544445
    }
  },
  "12": {
    "[1, 49, 13, 14, 4, 46, 34, 39]": {
      "2": 0.3819580641456802,
      "1": 0.6180419358543199
    }
  },
  "13": {
    "[14, 60, 44, 63, 59]": {
      "2": 0.5678702549754476,
      "0": 0.43212974502455237
    }
  },
  "14": {
    "[4, 17, 51, 32, 50, 59, 0, 54, 10, 29, 34, 16, 21, 57, 15]": {
      "0": 0.18171758545524203,
      "3": 0.34346010150409073,
      "1": 0.2547220442106772,
      "2": 0.22010026882999012
    }
  },
  "15": {
    "[50, 12, 18, 14, 45, 47, 46, 10, 13, 11, 37, 55]": {
      "0": 0.20296827704974274,
      "3": 0.4277750507951825,
      "2": 0.3692566721550749
    }
  }
}