{
  "0": {
    "[6, 28, 41, 56, 5, 3, 62, 12, 48, 1]": {
      "1": 0.25632455515183655,
      "3": 0.4639785857057526,
      "0": 0.2796968591424108
    }
  },
  "1": {
    "[5, 1, 45, 37, 21, 50, 42, 40, 4]": {
      "0": 0.5057975556251113,
      "3": 0.4942024443748886
    }
  },
  "2": {
    "[10, 62, 3, 23, 20]": {
      "0": 0.3082880548782693,
      "3": 0.6917119451217306
    }
  },
  "3": {
    "[6, 54, 23, 30, 37]": {
      "1": 0.38046153627441115,
      "3": 0.6195384637255887
    }
  },
  "4": {
    "[43, 61, 2, 42, 48]": {
      "0": 0.4309114297978768,
      "1": 0.5690885702021232
    }
  },
  "5": {
    "[60, 47, 34, 4]": {
      "3": 0.30565059145030665,
      "1": 0.6943494085496933
    }
  },
  "6": {
    "[31, 10, 27, 17, 23, 46, 19, 26]": {
      "3": 0.23372124306291467,
      "1": 0.5129519311579067,
      "2": 0.25332682577917864
    }
  },
  "7": {
    "[7, 9, 37, 3]": {
      "2": 0.341572670961045,
      "1": 0.6584273290389551
    }
  },
  "8": {
    "[23, 22, 51, 41, 48, 2, 39, 13, 31, 53]": {
      "0": 0.2301117311687755,
      "3": 0.4691851698383995,
      "1": 0.3007030989928251
    }
  },
  "9": {
    "[19, 15, 61, 14, 30, 62, 25]": {
      "0": 0.30289097273578686,
      "3": 0.6971090272642131
    }
  },
  "10": {
    "[22, 15, 32, 27, 21, 26, 55, 52, 61, 35, 58, 41, 37, 29]": {
      "0": 0.23383523297870987,
      "3": 0.4907253332682425,
      "1": 0.27543943375304764
    }
  },
  "11": {
    "[25, 39, 10, 6, 16, 26, 36, 4, 0]": {
      "0": 0.24939188229760306,
      "3": 0.49074465656078076,
      "1": 0.2598634611416161
    }
  },
  "12": {
    "[1, 49, 13, 14, 4, 46, 34]": {
      "3": 0.3625197057300559,
      "1": 0.6374802942699442
    }
  },
  "13": {
    "[14, 60, 44, 63, 59]": {
      "2": 0.5843811177627617,
      "0": 0.4156188822372383
    }
  },
  "14": {
    "[4, 17, 51, 32, 50, 59, 0, 54, 10, 29]": {
      "0": 0.21274016039920912,
      "3": 0.41477418026345375,
      "1": 0.37248565933733707
    }
  },
  "15": {
    "[50, 12, 18, 14, 45, 47, 46, 10, 13, 11, 37]": {
      "0": 0.22779439553994285,
      "3": 0.412859308279387,
      "2": 0.35934629618067015
    }
  }
}