{
  "0": {
    "[6, 28, 41, 56, 5, 3, 62, 12, 48, 1]": {
      "0": 0.32721932001938114,
      "3": 0.347173556455389,
      "2": 0.32560712352522986
    }
  },
  "1": {
    "[5, 1, 45, 37, 21, 50, 42, 40, 4]": {
      "1": 0.4789849209271205,
      "2": 0.5210150790728795
    }
  },
  "2": {
    "[10, 7, 62, 3, 37, 23, 20, 0, 56, 34, 38]": {
      "0": 0.24513266571020312,
      "2": 0.4858820489092236,
      "1": 0.26898528538057326
    }
  },
  "3": {
    "[6, 54, 23, 30, 37]": {
      "1": 0.40587159281518087,
      "3": 0.5941284071848191
    }
  },
  "4": {
    "[43, 61, 2, 42]": {
      "0": 0.4101328887570853,
      "1": 0.5898671112429147
    }
  },
  "5": {
    "[60, 47, 34, 50, 4]": {
      "2": 0.3074972997615308,
      "1": 0.6925027002384693
    }
  },
  "6": {
    "[31, 10, 27, 17, 23, 46, 26, 4]": {
      "2": 0.25134730121879634,
      "0": 0.5177967464326373,
      "3": 0.2308559523485663
    }
  },
  "7": {
    "[7, 9, 37, 3]": {
      "2": 0.3018208174617899,
      "1": 0.6981791825382101
    }
  },
  "8": {
    "[23, 22, 41, 2, 39, 13]": {
      "1": 0.30089588879818757,
      "3": 0.6991041112018125
    }
  },
  "9": {
    "[19, 15, 61, 14, 30, 62, 25]": {
      "1": 0.3104979495205005,
      "3": 0.6895020504794994
    }
  },
  "10": {
    "[22, 15, 32, 27, 21, 26, 55]": {
      "1": 0.29173556988896254,
      "3": 0.7082644301110375
    }
  },
  "11": {
    "[25, 39, 10, 6, 16, 26, 36, 4, 0]": {
      "1": 0.2460386232192546,
      "3": 0.5287566059021052,
      "0": 0.22520477087864016
    }
  },
  "12": {
    "[1, 49, 13, 14, 4, 46, 34]": {
      "3": 0.2964326350345286,
      "0": 0.7035673649654715
    }
  },
  "13": {
    "[14, 60, 44, 63, 59]": {
      "2": 0.5744548234812437,
      "1": 0.42554517651875634
    }
  },
  "14": {
    "[4, 17, 51, 32, 50, 59, 0, 54, 10]": {
      "0": 0.2189636780856876,
      "2": 0.4737392192049262,
      "1": 0.3072971027093863
    }
  },
  "15": {
    "[50, 12, 18, 14, 45, 47, 46, 10, 13, 11]": {
      "0": 0.21440050562167925,
      "3": 0.443780516539436,
      "2": 0.34181897783888476
    }
  }
}