{
  "vanilla_placement": {
    "gpu": {
      "mean": 61184.0,
      "var": 184778142.125,
      "std": 12675.39526263043,
      "max": 79570.4375,
      "min": 46660.0625
    },
    "node": {
      "mean": 122368.0,
      "var": 331447496.625,
      "std": 14827.0,
      "max": 137195.0,
      "min": 107541.0
    }
  },
  "sonnet_spectral_uneven_multi_repli_group_several_formula_topology_placement": {
    "gpu": {
      "mean": 61184.0,
      "var": 221857731.75,
      "std": 14046.6010331297,
      "max": 80273.25,
      "min": 43220.0625
    },
    "node": {
      "mean": 122368.0,
      "var": 225041703.0625,
      "std": 13827.1875,
      "max": 136195.1875,
      "min": 108540.8125
    }
  },
  "sonnet_spectral_uneven_multi_repli_group_several_part_of_topology_placement": {
    "gpu": {
      "mean": 61184.0,
      "var": 238472566.9375,
      "std": 14681.083711108175,
      "max": 82476.875,
      "min": 43591.5625
    },
    "node": {
      "mean": 122368.0,
      "var": 268231945.5625,
      "std": 13602.0625,
      "max": 135970.0625,
      "min": 108765.9375
    }
  },
  "gpu1_multi_part_of_topology_placement": {
    "gpu": {
      "mean": 61184.0,
      "var": 290913206.5,
      "std": 15125.383592249578,
      "max": 84476.25,
      "min": 45260.625
    },
    "node": {
      "mean": 122368.0,
      "var": 351292438.0625,
      "std": 15841.6875,
      "max": 138209.6875,
      "min": 106526.3125
    }
  },
  "gpu2_multi_part_of_topology_placement": {
    "gpu": {
      "mean": 61184.0,
      "var": 217769450.21875,
      "std": 13854.945454497847,
      "max": 80952.25,
      "min": 44877.375
    },
    "node": {
      "mean": 122368.0,
      "var": 290963416.5625,
      "std": 14436.5625,
      "max": 136804.5625,
      "min": 107931.4375
    }
  },
  "gpu3_multi_part_of_topology_placement": {
    "gpu": {
      "mean": 61184.0,
      "var": 221622504.21875,
      "std": 13961.687544936936,
      "max": 81697.0,
      "min": 45029.8125
    },
    "node": {
      "mean": 122368.0,
      "var": 282497036.0625,
      "std": 14159.8125,
      "max": 136527.8125,
      "min": 108208.1875
    }
  },
  "gpu4_multi_part_of_topology_placement": {
    "gpu": {
      "mean": 61184.0,
      "var": 224990276.84375,
      "std": 14161.658861436528,
      "max": 82187.25,
      "min": 45224.5
    },
    "node": {
      "mean": 122368.0,
      "var": 274518908.9375,
      "std": 13942.6875,
      "max": 136310.6875,
      "min": 108425.3125
    }
  },
  "gpu5_multi_part_of_topology_placement": {
    "gpu": {
      "mean": 61184.0,
      "var": 227846707.375,
      "std": 14278.446555333001,
      "max": 82318.375,
      "min": 44797.0
    },
    "node": {
      "mean": 122368.0,
      "var": 271711887.125,
      "std": 13723.125,
      "max": 136091.125,
      "min": 108644.875
    }
  },
  "gpu6_multi_part_of_topology_placement": {
    "gpu": {
      "mean": 61184.0,
      "var": 230488634.40625,
      "std": 14422.015617850322,
      "max": 82384.5,
      "min": 44517.25
    },
    "node": {
      "mean": 122368.0,
      "var": 268231945.5625,
      "std": 13602.0625,
      "max": 135970.0625,
      "min": 108765.9375
    }
  },
  "gpu7_multi_part_of_topology_placement": {
    "gpu": {
      "mean": 61184.0,
      "var": 232152586.1875,
      "std": 14480.598658680938,
      "max": 82464.9375,
      "min": 44303.25
    },
    "node": {
      "mean": 122368.0,
      "var": 268231945.5625,
      "std": 13602.0625,
      "max": 135970.0625,
      "min": 108765.9375
    }
  },
  "gpu8_multi_part_of_topology_placement": {
    "gpu": {
      "mean": 61184.0,
      "var": 234113002.71875,
      "std": 14558.355370244717,
      "max": 82476.875,
      "min": 44180.125
    },
    "node": {
      "mean": 122368.0,
      "var": 268231945.5625,
      "std": 13602.0625,
      "max": 135970.0625,
      "min": 108765.9375
    }
  },
  "gpu9_multi_part_of_topology_placement": {
    "gpu": {
      "mean": 61184.0,
      "var": 238478750.6875,
      "std": 14681.335747894318,
      "max": 82476.875,
      "min": 43590.625
    },
    "node": {
      "mean": 122368.0,
      "var": 268231945.5625,
      "std": 13602.0625,
      "max": 135970.0625,
      "min": 108765.9375
    }
  },
  "gpu10_multi_part_of_topology_placement": {
    "gpu": {
      "mean": 61184.0,
      "var": 238524108.3125,
      "std": 14683.181904260062,
      "max": 82476.875,
      "min": 43583.8125
    },
    "node": {
      "mean": 122368.0,
      "var": 268231945.5625,
      "std": 13602.0625,
      "max": 135970.0625,
      "min": 108765.9375
    }
  }
}