{
  "0": {
    "[0, 1, 3, 4, 5, 6, 9, 11, 12, 16, 25, 26, 27, 28, 29, 33, 34, 35, 37, 41, 45, 47, 48, 51, 55, 56, 58, 61, 62]": {
      "1": 0.47582545675884325,
      "3": 0.26830204121307816,
      "2": 0.2558725020280785
    }
  },
  "1": {
    "[0, 1, 2, 4, 5, 8, 12, 14, 19, 20, 21, 25, 28, 30, 31, 35, 37, 40, 42, 45, 46, 48, 50, 57, 58, 59]": {
      "0": 0.5299806787275178,
      "2": 0.2363750461450411,
      "3": 0.23364427512744113
    }
  },
  "2": {
    "[0, 1, 2, 3, 5, 6, 7, 10, 19, 20, 21, 23, 25, 26, 27, 28, 29, 31, 32, 33, 34, 35, 37, 38, 39, 41, 42, 43, 44, 48, 49, 50, 52, 54, 55, 56, 57, 61, 62]": {
      "0": 0.3891565492708306,
      "3": 0.3437468291985175,
      "1": 0.2670966215306519
    }
  },
  "3": {
    "[6, 9, 12, 14, 15, 16, 17, 19, 22, 23, 29, 30, 35, 36, 37, 39, 42, 43, 51, 54, 55, 61, 63]": {
      "1": 0.4731115375212778,
      "3": 0.29739787140744356,
      "0": 0.22949059107127864
    }
  },
  "4": {
    "[2, 4, 18, 21, 23, 33, 39, 41, 42, 43, 48, 51, 54, 55, 59, 61]": {
      "1": 0.5244849925508959,
      "0": 0.3156427272684721,
      "2": 0.159872280180632
    }
  },
  "5": {
    "[0, 1, 2, 3, 4, 7, 9, 10, 11, 12, 18, 19, 20, 32, 33, 34, 39, 40, 47, 48, 50, 53, 54, 57, 59, 60, 63]": {
      "2": 0.4156785208188363,
      "1": 0.3745766664624639,
      "3": 0.2097448127186998
    }
  },
  "6": {
    "[4, 5, 6, 7, 10, 11, 12, 13, 14, 15, 17, 19, 20, 21, 23, 26, 27, 30, 31, 33, 35, 38, 41, 42, 43, 45, 46, 51, 52, 53, 57, 58, 61, 63]": {
      "2": 0.4299978028688017,
      "0": 0.29183811664312825,
      "1": 0.27816408048807006
    }
  },
  "7": {
    "[6, 7, 8, 10, 14, 15, 19, 20, 24, 27, 28, 29, 30, 34, 36, 37, 38, 40, 44, 50, 51, 52, 54, 57, 60, 61, 62]": {
      "2": 0.48478730728158864,
      "0": 0.2600730182851766,
      "1": 0.25513967443323476
    }
  },
  "8": {
    "[0, 2, 3, 4, 5, 8, 9, 11, 13, 14, 15, 16, 17, 19, 22, 23, 27, 28, 31, 33, 38, 39, 40, 41, 42, 43, 44, 46, 47, 48, 51, 53, 54, 56, 61, 62]": {
      "0": 0.3930880418610032,
      "3": 0.36747679994188637,
      "1": 0.2394351581971105
    }
  },
  "9": {
    "[1, 3, 4, 5, 10, 14, 15, 19, 22, 24, 25, 29, 30, 32, 36, 38, 39, 40, 43, 44, 46, 49, 50, 51, 53, 54, 56, 58, 59, 61, 62]": {
      "0": 0.44781102668399414,
      "3": 0.3714812697280967,
      "1": 0.18070770358790922
    }
  },
  "10": {
    "[1, 2, 3, 5, 8, 10, 13, 14, 15, 17, 18, 19, 20, 21, 22, 23, 24, 25, 26, 27, 28, 29, 31, 32, 33, 34, 35, 36, 37, 40, 41, 45, 48, 49, 51, 52, 55, 56, 58, 61]": {
      "0": 0.4272093316049,
      "3": 0.30488854780775715,
      "1": 0.26790212058734275
    }
  },
  "11": {
    "[0, 1, 4, 5, 6, 8, 9, 10, 11, 12, 13, 16, 19, 21, 23, 25, 26, 27, 30, 31, 32, 36, 39, 40, 42, 45, 48, 49, 50, 53, 57, 60, 61, 63]": {
      "0": 0.45429404871982526,
      "3": 0.2878446621140843,
      "2": 0.2578612891660904
    }
  },
  "12": {
    "[1, 3, 4, 8, 10, 12, 13, 14, 16, 20, 24, 26, 29, 31, 34, 36, 38, 39, 45, 46, 48, 49, 50, 51, 52, 53, 55, 56, 57, 60, 61]": {
      "2": 0.42283042187179687,
      "1": 0.4041404197760785,
      "0": 0.17302915835212457
    }
  },
  "13": {
    "[1, 3, 7, 11, 13, 14, 19, 20, 27, 34, 35, 39, 40, 44, 48, 49, 52, 53, 56, 59, 60, 63]": {
      "2": 0.712708549924704,
      "0": 0.287291450075296
    }
  },
  "14": {
    "[0, 2, 3, 4, 6, 8, 10, 14, 15, 16, 17, 18, 20, 21, 22, 23, 25, 28, 29, 30, 31, 32, 33, 34, 35, 36, 37, 38, 41, 43, 44, 46, 48, 49, 50, 51, 52, 53, 54, 55, 56, 57, 59, 62, 63]": {
      "0": 0.3608187687337415,
      "3": 0.3358463594269346,
      "1": 0.3033348718393239
    }
  },
  "15": {
    "[2, 4, 5, 7, 8, 10, 11, 12, 13, 14, 15, 16, 17, 18, 19, 20, 21, 22, 23, 24, 25, 26, 27, 28, 30, 32, 34, 37, 38, 39, 40, 42, 44, 45, 46, 47, 48, 49, 50, 51, 54, 55, 56, 59, 61, 62, 63]": {
      "0": 0.3596037317636277,
      "3": 0.35499577350406397,
      "2": 0.28540049473230833
    }
  }
}