{
  "vanilla_placement": {
    "gpu": {
      "mean": 61184.0,
      "var": 184778142.125,
      "std": 12675.39526263043,
      "max": 79570.4375,
      "min": 46660.0625
    },
    "node": {
      "mean": 122368.0,
      "var": 331447496.625,
      "std": 14827.0,
      "max": 137195.0,
      "min": 107541.0
    }
  },
  "sonnet_spectral_uneven_multi_repli_group_several_formula_topology_placement": {
    "gpu": {
      "mean": 61184.0,
      "var": 221861272.0625,
      "std": 14046.748146955471,
      "max": 80273.25,
      "min": 43219.4375
    },
    "node": {
      "mean": 122368.0,
      "var": 225041703.0625,
      "std": 13827.1875,
      "max": 136195.1875,
      "min": 108540.8125
    }
  },
  "sonnet_spectral_uneven_multi_repli_group_several_part_of_topology_placement": {
    "gpu": {
      "mean": 61184.0,
      "var": 238421986.5625,
      "std": 14679.019040968169,
      "max": 82476.875,
      "min": 43599.3125
    },
    "node": {
      "mean": 122368.0,
      "var": 268231945.5625,
      "std": 13602.0625,
      "max": 135970.0625,
      "min": 108765.9375
    }
  },
  "gpu1_multi_part_of_topology_placement": {
    "gpu": {
      "mean": 61184.0,
      "var": 224289484.5625,
      "std": 13697.519760874591,
      "max": 79263.1875,
      "min": 43957.9375
    },
    "node": {
      "mean": 122368.0,
      "var": 265974766.0,
      "std": 13065.625,
      "max": 135433.625,
      "min": 109302.375
    }
  },
  "gpu2_multi_part_of_topology_placement": {
    "gpu": {
      "mean": 61184.0,
      "var": 212235944.28125,
      "std": 13546.919466035468,
      "max": 78258.0625,
      "min": 43336.5
    },
    "node": {
      "mean": 122368.0,
      "var": 240313845.9375,
      "std": 12547.5625,
      "max": 134915.5625,
      "min": 109820.4375
    }
  },
  "gpu3_multi_part_of_topology_placement": {
    "gpu": {
      "mean": 61184.0,
      "var": 242910177.53125,
      "std": 14400.64398873482,
      "max": 79635.0,
      "min": 43316.5
    },
    "node": {
      "mean": 122368.0,
      "var": 230425448.375,
      "std": 11796.0,
      "max": 134164.0,
      "min": 110572.0
    }
  },
  "gpu4_multi_part_of_topology_placement": {
    "gpu": {
      "mean": 61184.0,
      "var": 256445663.21875,
      "std": 14570.917544525251,
      "max": 79998.625,
      "min": 43825.625
    },
    "node": {
      "mean": 122368.0,
      "var": 222987118.375,
      "std": 12156.875,
      "max": 134524.875,
      "min": 110211.125
    }
  },
  "gpu5_multi_part_of_topology_placement": {
    "gpu": {
      "mean": 61184.0,
      "var": 269450982.375,
      "std": 14908.552403937705,
      "max": 80401.875,
      "min": 43331.6875
    },
    "node": {
      "mean": 122368.0,
      "var": 217710775.5,
      "std": 11871.375,
      "max": 134239.375,
      "min": 110496.625
    }
  },
  "gpu6_multi_part_of_topology_placement": {
    "gpu": {
      "mean": 61184.0,
      "var": 258888041.46875,
      "std": 14567.202361930014,
      "max": 80537.4375,
      "min": 43696.3125
    },
    "node": {
      "mean": 122368.0,
      "var": 212622900.75,
      "std": 12096.25,
      "max": 134464.25,
      "min": 110271.75
    }
  }
}