{
  "0": {
    "[6, 28, 41, 56, 5, 3, 62, 12, 48, 1]": {
      "0": 0.33019700686547915,
      "1": 0.3399480884311434,
      "3": 0.3298549047033774
    }
  },
  "1": {
    "[5, 1, 45, 37, 21, 50, 42, 40, 4]": {
      "1": 0.4941295649829953,
      "2": 0.5058704350170047
    }
  },
  "2": {
    "[10, 62, 3, 23, 20]": {
      "0": 0.3095630891985214,
      "2": 0.6904369108014786
    }
  },
  "3": {
    "[6, 54, 23, 30, 37]": {
      "1": 0.3982620385719575,
      "3": 0.6017379614280425
    }
  },
  "4": {
    "[43, 61, 2, 42, 48]": {
      "1": 0.4264407886537317,
      "0": 0.5735592113462684
    }
  },
  "5": {
    "[60, 47, 34, 50]": {
      "3": 0.27648712368921863,
      "1": 0.7235128763107813
    }
  },
  "6": {
    "[31, 10, 27, 17, 23, 46, 26, 4]": {
      "3": 0.2600059251660907,
      "0": 0.5118081120287387,
      "2": 0.22818596280517067
    }
  },
  "7": {
    "[54, 37, 40, 28, 20]": {
      "3": 0.33454474020594915,
      "1": 0.665455259794051
    }
  },
  "8": {
    "[23, 22, 41, 2, 39, 13]": {
      "1": 0.2980776843570681,
      "3": 0.7019223156429318
    }
  },
  "9": {
    "[19, 15, 61, 14, 30, 62, 25]": {
      "1": 0.31594177860638467,
      "2": 0.6840582213936154
    }
  },
  "10": {
    "[22, 15, 32, 27, 21, 26, 55]": {
      "0": 0.29959465231484,
      "3": 0.70040534768516
    }
  },
  "11": {
    "[25, 39, 10, 6, 16, 26, 36, 4, 0]": {
      "1": 0.25453717633335166,
      "3": 0.5113966397217814,
      "0": 0.23406618394486686
    }
  },
  "12": {
    "[1, 49, 13, 14, 4, 46, 34]": {
      "2": 0.32501707110196004,
      "0": 0.67498292889804
    }
  },
  "13": {
    "[14, 60, 44, 63, 59]": {
      "3": 0.5795884393812648,
      "1": 0.42041156061873514
    }
  },
  "14": {
    "[4, 17, 51, 32, 50, 59, 0, 54, 10]": {
      "0": 0.22783536333560314,
      "3": 0.464280006036707,
      "1": 0.30788463062768995
    }
  },
  "15": {
    "[50, 12, 18, 14, 45, 47, 46, 10, 13, 11]": {
      "0": 0.229678301322815,
      "3": 0.4056127025335112,
      "2": 0.36470899614367375
    }
  }
}