{
  "0": {
    "[6, 28, 41, 56]": {
      "0": 0.44860436855061353,
      "2": 0.5513956314493865
    }
  },
  "1": {
    "[5, 1, 45, 37, 21, 50, 42, 40]": {
      "1": 0.5069549072424332,
      "2": 0.4930450927575668
    }
  },
  "2": {
    "[10, 62, 3, 23, 20]": {
      "0": 0.3293270289100329,
      "2": 0.670672971089967
    }
  },
  "3": {
    "[6, 54, 23, 30, 37]": {
      "1": 0.41509092302131745,
      "3": 0.5849090769786826
    }
  },
  "4": {
    "[43, 61, 2, 42]": {
      "1": 0.4155654578995935,
      "0": 0.5844345421004065
    }
  },
  "5": {
    "[60, 47, 34, 50]": {
      "3": 0.29842255205756857,
      "1": 0.7015774479424314
    }
  },
  "6": {
    "[31, 10, 27, 17, 23, 46, 26]": {
      "3": 0.2526361828179833,
      "0": 0.5187512243566458,
      "2": 0.22861259282537094
    }
  },
  "7": {
    "[54, 37, 40, 28, 20]": {
      "3": 0.34111710232343634,
      "1": 0.6588828976765636
    }
  },
  "8": {
    "[23, 22, 41, 2, 39]": {
      "1": 0.30382655931401853,
      "3": 0.6961734406859815
    }
  },
  "9": {
    "[19, 15, 61, 14, 30, 62]": {
      "1": 0.32480127892313515,
      "2": 0.6751987210768648
    }
  },
  "10": {
    "[22, 15, 32, 27, 21, 26]": {
      "0": 0.32714652307724296,
      "3": 0.6728534769227571
    }
  },
  "11": {
    "[25, 39, 10, 6, 16, 26, 36, 4]": {
      "1": 0.2611936579858908,
      "3": 0.5196458890810077,
      "0": 0.21916045293310146
    }
  },
  "12": {
    "[1, 49, 13, 14, 4, 46, 34]": {
      "2": 0.3341565840002383,
      "0": 0.6658434159997617
    }
  },
  "13": {
    "[14, 60, 44, 63, 59]": {
      "3": 0.5753681213934863,
      "1": 0.4246318786065137
    }
  },
  "14": {
    "[4, 17, 51, 32, 50, 59, 0, 54]": {
      "0": 0.2421780927197641,
      "3": 0.48092127246598115,
      "1": 0.27690063481425475
    }
  },
  "15": {
    "[50, 12, 18, 14, 45, 47, 46, 10, 13]": {
      "0": 0.23563755556374277,
      "3": 0.408461827468896,
      "2": 0.35590061696736125
    }
  }
}