{
  "0": {
    "[6, 28, 41, 56, 5]": {
      "0": 0.3284372778655627,
      "3": 0.6715627221344374
    }
  },
  "1": {
    "[5, 1, 45, 37, 21, 50, 42, 40, 4]": {
      "1": 0.5020853219766196,
      "3": 0.49791467802338035
    }
  },
  "2": {
    "[10, 62, 3, 23, 20]": {
      "0": 0.31585011753116377,
      "3": 0.6841498824688362
    }
  },
  "3": {
    "[6, 54, 23, 30, 37]": {
      "1": 0.3881352002657336,
      "3": 0.6118647997342663
    }
  },
  "4": {
    "[43, 61, 2, 42, 48]": {
      "0": 0.43320141597750383,
      "1": 0.5667985840224963
    }
  },
  "5": {
    "[60, 47, 34, 4]": {
      "2": 0.29142098372612113,
      "0": 0.708579016273879
    }
  },
  "6": {
    "[31, 10, 27, 17, 23, 46, 19, 26]": {
      "2": 0.23772513549357505,
      "0": 0.49951214431025454,
      "3": 0.2627627201961705
    }
  },
  "7": {
    "[7, 9, 37, 3]": {
      "3": 0.3469065721284729,
      "1": 0.653093427871527
    }
  },
  "8": {
    "[23, 22, 51, 41, 48, 2, 39, 13, 31, 53]": {
      "0": 0.23386391455280894,
      "2": 0.4655193355458737,
      "1": 0.30061674990131737
    }
  },
  "9": {
    "[19, 15, 61, 14, 30, 62, 25]": {
      "0": 0.3143107317768242,
      "2": 0.6856892682231759
    }
  },
  "10": {
    "[22, 15, 32, 27, 21, 26, 55]": {
      "1": 0.29185883693479225,
      "3": 0.7081411630652077
    }
  },
  "11": {
    "[25, 39, 10, 6, 16, 26, 36, 4, 0]": {
      "0": 0.2580698851353247,
      "2": 0.48094357249372116,
      "1": 0.2609865423709542
    }
  },
  "12": {
    "[1, 49, 13, 14, 4, 46, 34]": {
      "2": 0.3625197057300559,
      "0": 0.6374802942699442
    }
  },
  "13": {
    "[14, 60, 44, 63, 59]": {
      "2": 0.585033735431036,
      "0": 0.41496626456896396
    }
  },
  "14": {
    "[4, 17, 51, 32, 50, 59, 0, 54, 10]": {
      "0": 0.2223050145386283,
      "2": 0.4287797021909801,
      "1": 0.34891528327039156
    }
  },
  "15": {
    "[50, 12, 18, 14, 45, 47, 46, 10, 13, 11]": {
      "0": 0.23365662939261111,
      "3": 0.3851846190851218,
      "2": 0.3811587515222672
    }
  }
}