{
  "0": {
    "[6, 28, 41, 56]": {
      "0": 0.36970745447882675,
      "3": 0.6302925455211732
    }
  },
  "1": {
    "[5, 1, 45, 37, 21, 50, 42, 40]": {
      "1": 0.5251026060776144,
      "3": 0.47489739392238567
    }
  },
  "2": {
    "[10, 62, 3, 23, 20]": {
      "0": 0.3361715829233463,
      "3": 0.6638284170766536
    }
  },
  "3": {
    "[6, 54, 23, 30, 37]": {
      "1": 0.41509092302131745,
      "3": 0.5849090769786826
    }
  },
  "4": {
    "[43, 61, 2, 42, 48]": {
      "0": 0.43320141597750383,
      "1": 0.5667985840224963
    }
  },
  "5": {
    "[60, 47, 34, 4]": {
      "2": 0.3074339961735034,
      "0": 0.6925660038264965
    }
  },
  "6": {
    "[31, 10, 27, 17, 23, 46, 19]": {
      "2": 0.2515180498720404,
      "0": 0.5042406815428986,
      "3": 0.24424126858506087
    }
  },
  "7": {
    "[7, 9, 37, 3]": {
      "3": 0.35182793512275734,
      "1": 0.6481720648772427
    }
  },
  "8": {
    "[23, 22, 51, 41, 48, 2, 39, 13, 31]": {
      "0": 0.2648365360785154,
      "2": 0.46947694505234033,
      "1": 0.26568651886914424
    }
  },
  "9": {
    "[19, 15, 61, 14, 30, 62]": {
      "0": 0.3355020913052676,
      "2": 0.6644979086947324
    }
  },
  "10": {
    "[22, 15, 32, 27, 21, 26]": {
      "1": 0.34161847234988446,
      "3": 0.6583815276501156
    }
  },
  "11": {
    "[25, 39, 10, 6, 16, 26, 36, 4]": {
      "0": 0.2771468999694505,
      "2": 0.49244720999009284,
      "1": 0.23040589004045653
    }
  },
  "12": {
    "[1, 49, 13, 14, 4, 46, 34]": {
      "2": 0.36720525331060017,
      "0": 0.6327947466894
    }
  },
  "13": {
    "[14, 60, 44, 63, 59]": {
      "2": 0.5821598563815379,
      "0": 0.41784014361846206
    }
  },
  "14": {
    "[4, 17, 51, 32, 50, 59, 0]": {
      "0": 0.24555248714861255,
      "2": 0.4629201453432332,
      "1": 0.29152736750815433
    }
  },
  "15": {
    "[50, 12, 18, 14, 45, 47, 46, 10]": {
      "0": 0.2375843267893749,
      "2": 0.38436696701029893,
      "3": 0.37804870620032616
    }
  }
}