{
  "0": {
    "[6, 28, 41, 56, 5, 3, 62, 12, 48, 1, 11]": {
      "1": 0.3128958625938568,
      "3": 0.3534442745147167,
      "2": 0.33365986289142635
    }
  },
  "1": {
    "[5, 1, 14, 45, 37, 21, 50, 42, 40, 4]": {
      "0": 0.48173635368540463,
      "2": 0.5182636463145954
    }
  },
  "2": {
    "[10, 7, 62, 3, 37, 23, 20, 0, 56, 34, 38, 26, 41, 19, 1]": {
      "0": 0.22814991737913978,
      "3": 0.4496009711177803,
      "1": 0.32224911150307983
    }
  },
  "3": {
    "[6, 54, 23, 30, 37]": {
      "1": 0.38046153627441115,
      "3": 0.6195384637255887
    }
  },
  "4": {
    "[43, 61, 2, 42, 48]": {
      "1": 0.42005243736803166,
      "0": 0.5799475626319684
    }
  },
  "5": {
    "[60, 47, 39, 34, 50, 4, 7, 12, 57, 1]": {
      "2": 0.24535448203001728,
      "1": 0.5117403635982858,
      "3": 0.24290515437169696
    }
  },
  "6": {
    "[31, 10, 27, 17, 23, 46, 19, 26, 4, 13]": {
      "2": 0.23549410119176126,
      "0": 0.5295874617331912,
      "3": 0.23491843707504764
    }
  },
  "7": {
    "[7, 54, 37, 40, 28]": {
      "2": 0.41924553726303826,
      "0": 0.5807544627369616
    }
  },
  "8": {
    "[23, 22, 51, 41, 48, 2, 39, 13, 31, 53, 56]": {
      "0": 0.23264980790388487,
      "3": 0.4794868998683225,
      "1": 0.2878632922277925
    }
  },
  "9": {
    "[19, 15, 61, 14, 30, 62, 25]": {
      "0": 0.3134335628033928,
      "3": 0.6865664371966073
    }
  },
  "10": {
    "[22, 15, 32, 27, 21, 26, 55, 52, 61, 35, 58, 41, 37, 29, 49, 14, 8]": {
      "0": 0.265675939964589,
      "3": 0.39920867188322756,
      "1": 0.3351153881521835
    }
  },
  "11": {
    "[25, 39, 10, 6, 16, 26, 36, 4, 0, 30]": {
      "0": 0.296438644679398,
      "3": 0.375441464116499,
      "2": 0.32811989120410295
    }
  },
  "12": {
    "[1, 49, 13, 14, 4, 46, 34, 39]": {
      "3": 0.27710412784695065,
      "1": 0.7228958721530494
    }
  },
  "13": {
    "[14, 60, 44, 63, 59]": {
      "2": 0.5765597022917732,
      "0": 0.4234402977082267
    }
  },
  "14": {
    "[4, 17, 51, 32, 50, 59, 0, 54, 10, 29, 34, 16, 21, 57, 15, 53, 38]": {
      "0": 0.16808316469210258,
      "3": 0.3685580539093197,
      "1": 0.27756380649873014,
      "2": 0.18579497489984764
    }
  },
  "15": {
    "[50, 12, 18, 14, 45, 47, 46, 10, 13, 11, 37, 55, 2, 4, 62, 24, 5]": {
      "0": 0.1707694691244905,
      "3": 0.3768676883614192,
      "2": 0.2594404922765122,
      "1": 0.19292235023757798
    }
  }
}