{
  "0": {
    "[6, 28, 41, 56, 5, 3, 62, 12, 48, 1, 11]": {
      "1": 0.3128958625938568,
      "3": 0.3534442745147167,
      "2": 0.33365986289142635
    }
  },
  "1": {
    "[5, 1, 14, 45, 37, 21, 50, 42, 40, 4]": {
      "0": 0.48173635368540463,
      "2": 0.5182636463145954
    }
  },
  "2": {
    "[10, 7, 62, 3, 37, 23, 20, 0, 56, 34, 38, 26, 41, 19]": {
      "0": 0.2270655539539664,
      "3": 0.4570188024148163,
      "1": 0.31591564363121727
    }
  },
  "3": {
    "[6, 54, 23, 30, 37]": {
      "1": 0.3881352002657336,
      "3": 0.6118647997342663
    }
  },
  "4": {
    "[43, 61, 2, 42]": {
      "1": 0.39593711461539627,
      "0": 0.6040628853846036
    }
  },
  "5": {
    "[60, 47, 39, 34, 50, 4, 7, 12, 57, 1]": {
      "2": 0.25492174375058185,
      "1": 0.4927013483319113,
      "3": 0.25237690791750683
    }
  },
  "6": {
    "[31, 10, 27, 17, 23, 46, 19, 4, 26, 13]": {
      "2": 0.27092796695666377,
      "0": 0.3755206123152233,
      "1": 0.35355142072811296
    }
  },
  "7": {
    "[7, 54, 37, 40, 28]": {
      "2": 0.41924553726303826,
      "0": 0.5807544627369616
    }
  },
  "8": {
    "[23, 22, 51, 41, 48, 2, 39, 13, 31, 53, 56]": {
      "0": 0.2575044975608943,
      "3": 0.42518134780641637,
      "1": 0.3173141546326894
    }
  },
  "9": {
    "[19, 15, 61, 14, 30, 62, 25]": {
      "0": 0.3550025548552886,
      "3": 0.6449974451447115
    }
  },
  "10": {
    "[22, 15, 32, 27, 21, 26, 55, 52, 61, 35, 58, 41, 37, 29, 49, 14]": {
      "0": 0.2690545579444799,
      "3": 0.40798912686470484,
      "1": 0.3229563151908151
    }
  },
  "11": {
    "[25, 39, 10, 6, 16, 26, 36, 4, 0, 30]": {
      "0": 0.296438644679398,
      "3": 0.375441464116499,
      "2": 0.32811989120410295
    }
  },
  "12": {
    "[1, 49, 13, 14, 4, 46, 34, 39]": {
      "2": 0.35181761239082904,
      "1": 0.6481823876091709
    }
  },
  "13": {
    "[14, 60, 44, 63, 59]": {
      "2": 0.5765597022917732,
      "0": 0.4234402977082267
    }
  },
  "14": {
    "[4, 17, 51, 32, 50, 59, 0, 54, 10, 29, 34, 16, 21, 57, 15, 53]": {
      "0": 0.167925297380228,
      "3": 0.33880318021528955,
      "1": 0.2842866315467367,
      "2": 0.20898489085774574
    }
  },
  "15": {
    "[50, 12, 18, 14, 45, 47, 46, 10, 13, 11, 37, 55, 2, 4, 62, 24, 5]": {
      "0": 0.17546869001194526,
      "3": 0.3534173163990919,
      "2": 0.2813267260092207,
      "1": 0.1897872675797421
    }
  }
}