{
  "0": {
    "[6, 28, 41, 56, 5, 3, 62, 12, 48, 1]": {
      "1": 0.3325941367069219,
      "3": 0.3366542990835772,
      "0": 0.33075156420950097
    }
  },
  "1": {
    "[5, 1, 45, 37, 21, 50, 42, 40, 4]": {
      "0": 0.4941295649829953,
      "3": 0.5058704350170047
    }
  },
  "2": {
    "[10, 62, 3, 23, 20]": {
      "0": 0.2932147505458878,
      "3": 0.7067852494541121
    }
  },
  "3": {
    "[6, 54, 23, 30, 37]": {
      "1": 0.40587159281518087,
      "3": 0.5941284071848191
    }
  },
  "4": {
    "[43, 61, 2, 42, 48]": {
      "0": 0.4240735204790003,
      "1": 0.5759264795209997
    }
  },
  "5": {
    "[60, 47, 34, 50, 4]": {
      "3": 0.28758287815130057,
      "1": 0.7124171218486994
    }
  },
  "6": {
    "[31, 10, 27, 17, 23, 46, 26, 4]": {
      "3": 0.25701361175429027,
      "1": 0.5138777100565818,
      "2": 0.22910867818912797
    }
  },
  "7": {
    "[7, 54, 37, 40]": {
      "2": 0.2995928331542585,
      "1": 0.7004071668457416
    }
  },
  "8": {
    "[23, 22, 41, 2, 39, 13]": {
      "0": 0.3030295713236582,
      "3": 0.6969704286763417
    }
  },
  "9": {
    "[19, 15, 61, 14, 30, 62, 25]": {
      "0": 0.3054753101529402,
      "3": 0.6945246898470597
    }
  },
  "10": {
    "[22, 15, 32, 27, 21, 26, 55]": {
      "1": 0.3024228252252737,
      "3": 0.6975771747747264
    }
  },
  "11": {
    "[25, 39, 10, 6, 16, 26, 36, 4, 0]": {
      "0": 0.25159186831670527,
      "3": 0.5199629227284868,
      "1": 0.22844520895480794
    }
  },
  "12": {
    "[1, 49, 13, 14, 4, 46, 34]": {
      "2": 0.32046439832139284,
      "1": 0.6795356016786072
    }
  },
  "13": {
    "[14, 60, 44, 63, 59]": {
      "3": 0.5789256471196691,
      "0": 0.42107435288033096
    }
  },
  "14": {
    "[4, 17, 51, 32, 50, 59, 0, 54, 10]": {
      "1": 0.2306782511468159,
      "3": 0.46248823963638974,
      "0": 0.3068335092167943
    }
  },
  "15": {
    "[50, 12, 18, 14, 45, 47, 46, 10, 13, 11]": {
      "0": 0.22854571381620536,
      "3": 0.4119039846424528,
      "2": 0.35955030154134177
    }
  }
}