{
  "gpus": {
    "0": {
      "token_num": 12648.0,
      "bytes": 38854656.0,
      "KB": 37944.0,
      "MB": 37.0546875
    },
    "1": {
      "token_num": 13680.0,
      "bytes": 42024960.0,
      "KB": 41040.0,
      "MB": 40.078125
    },
    "2": {
      "token_num": 16704.0,
      "bytes": 51314688.0,
      "KB": 50112.0,
      "MB": 48.9375
    },
    "3": {
      "token_num": 17898.0,
      "bytes": 54982656.0,
      "KB": 53694.0,
      "MB": 52.435546875
    }
  },
  "nodes": {
    "0": {
      "token_num": 26328.0,
      "bytes": 80879616.0,
      "KB": 78984.0,
      "MB": 77.1328125
    },
    "1": {
      "token_num": 34602.0,
      "bytes": 106297344.0,
      "KB": 103806.0,
      "MB": 101.373046875
    }
  }
}