{
  "vanilla_placement": {
    "mean": [
      61184,
      61184,
      61184,
      61184,
      61184,
      61184,
      61184,
      61184,
      61184,
      61184,
      61184,
      61184,
      61184,
      61184,
      61184,
      61184
    ],
    "var": [
      79995412.5,
      32162859.5,
      363253831.5,
      165665965.0,
      122022741.5,
      186791817.5,
      568709594.5,
      64153249.0,
      149195621.0,
      257813568.5,
      39837721.5,
      270052537.5,
      217695496.5,
      60413944.5,
      77092446.0,
      301593467.5
    ],
    "std": [
      8944.015457276446,
      5671.230862872715,
      19059.219068471826,
      12871.129126848196,
      11046.390428551764,
      13667.180305388525,
      23847.632890918125,
      8009.572335649388,
      12214.565935799765,
      16056.57399634181,
      6311.713040054974,
      16433.275312608865,
      14754.507667150401,
      7772.640767461211,
      8780.230406999579,
      17366.44659969333
    ],
    "max": [
      73606,
      70327,
      92929,
      81673,
      72370,
      84622,
      99922,
      71955,
      81617,
      82013,
      69883,
      80529,
      82752,
      70376,
      69836,
      88717
    ],
    "min": [
      51823,
      54755,
      44816,
      50095,
      42929,
      50700,
      35982,
      49585,
      49907,
      44142,
      52219,
      35454,
      42255,
      50061,
      47710,
      44128
    ]
  },
  "sonnet_occult_placement": {
    "mean": [
      61184,
      61184,
      61184,
      61184,
      61184,
      61184,
      61184,
      61184,
      61184,
      61184,
      61184,
      61184,
      61184,
      61184,
      61184,
      61184
    ],
    "var": [
      1238754854.5,
      456294776.5,
      1746394733.5,
      1609483286.5,
      1363898506.5,
      2090321156.5,
      2445114881.5,
      1516618182.5,
      1270319945.0,
      1016388589.0,
      858942654.5,
      1660872214.5,
      646272585.5,
      1089303559.5,
      2425898825.0,
      2544850565.0
    ],
    "std": [
      35195.949404725536,
      21361.057476164424,
      41789.88793356594,
      40118.365950023435,
      36930.99655438504,
      45720.03014544063,
      49448.102911031885,
      38943.782334282834,
      35641.548016324996,
      31880.849878884972,
      29307.72346157238,
      40753.800000736126,
      25421.891855249483,
      33004.59906588777,
      49253.41434865201,
      50446.51192104366
    ],
    "max": [
      120574,
      84501,
      130998,
      126616,
      120004,
      138042,
      146539,
      115922,
      120667,
      95265,
      99677,
      130707,
      95003,
      101417,
      144881,
      146307
    ],
    "min": [
      32511,
      26358,
      20592,
      23941,
      18985,
      21610,
      29355,
      21011,
      28043,
      18135,
      26739,
      27569,
      27499,
      19792,
      22865,
      17753
    ]
  },
  "sonnet_occult_multi_placement": {
    "mean": [
      61184,
      61184,
      61184,
      61184,
      61184,
      61184,
      61184,
      61184,
      61184,
      61184,
      61184,
      61184,
      61184,
      61184,
      61184,
      61184
    ],
    "var": [
      1264612953.5,
      438664333.5,
      1876242063.5,
      1788307164.5,
      1485364380.5,
      2241730132.5,
      2736936307.0,
      1329422622.0,
      1186801581.0,
      1040999101.5,
      794760846.5,
      1661935718.5,
      974495884.0,
      1073306508.5,
      2560852737.5,
      2670848427.0
    ],
    "std": [
      35561.39695653139,
      20944.315063997677,
      43315.60992875432,
      42288.38096333318,
      38540.42527658459,
      47346.912597338385,
      52315.73670512535,
      36461.24822328495,
      34449.98666182616,
      32264.517685841827,
      28191.503090470364,
      40766.84582476304,
      31216.916631852033,
      32761.35693923559,
      50604.868713395554,
      51680.251808597066
    ],
    "max": [
      120574,
      84501,
      130998,
      126616,
      120004,
      138042,
      146539,
      115922,
      120667,
      95265,
      99677,
      130707,
      100066,
      101417,
      144881,
      146307
    ],
    "min": [
      30911,
      27294,
      17405,
      15368,
      20883,
      15191,
      16911,
      15834,
      38239,
      14930,
      22584,
      31894,
      13242,
      18879,
      8772,
      11919
    ]
  },
  "sonnet_occult_multi_repli_act_placement": {
    "mean": [
      61184,
      61184,
      61184,
      61184,
      61184,
      61184,
      61184,
      61184,
      61184,
      61184,
      61184,
      61184,
      61184,
      61184,
      61184,
      61184
    ],
    "var": [
      147311154.0,
      137693494.5,
      394280141.0,
      676069410.5,
      598428002.0,
      313711966.0,
      481231925.5,
      694113277.5,
      517368471.5,
      489091105.0,
      332389208.0,
      623740754.5,
      682627116.5,
      611910453.5,
      498501990.0,
      184017828.5
    ],
    "std": [
      12137.1806446143,
      11734.287132161033,
      19856.488637218816,
      26001.334783045273,
      24462.78810765445,
      17711.915932501488,
      21936.999008524388,
      26346.02963446295,
      22745.73523762202,
      22115.40424681403,
      18231.544311988495,
      24974.80239161063,
      26127.133721478138,
      24736.82383613547,
      22327.15812637157,
      13565.31711756124
    ],
    "max": [
      75542,
      81427,
      80495,
      93673,
      90352,
      82258,
      89350,
      87695,
      88007,
      84961,
      75940,
      92137,
      94192,
      85727,
      89870,
      78479
    ],
    "min": [
      41924,
      53389,
      28091,
      25394,
      22544,
      33162,
      28224,
      25472,
      25730,
      25647,
      30216,
      28306,
      21080,
      20268,
      27272,
      40717
    ]
  },
  "sonnet_occult_multi_repli_collab_placement": {
    "mean": [
      61184,
      61184,
      61184,
      61184,
      61184,
      61184,
      61184,
      61184,
      61184,
      61184,
      61184,
      61184,
      61184,
      61184,
      61184,
      61184
    ],
    "var": [
      1102482180.5,
      299858362.5,
      1623693906.5,
      1498979805.5,
      1256713725.5,
      1887491293.5,
      2465936066.0,
      1193019366.5,
      1061031154.5,
      871082753.0,
      641780985.5,
      1459137151.5,
      782393630.5,
      962391643.5,
      2333430351.5,
      2359203961.5
    ],
    "std": [
      33203.647096365785,
      17316.41887054018,
      40295.085388915606,
      38716.660567512794,
      35450.15832827831,
      43445.26779178602,
      49658.19233520286,
      34540.112427437176,
      32573.47317219949,
      29514.11108266688,
      25333.396643561242,
      38198.65379172413,
      27971.300121731918,
      31022.437742704875,
      48305.59337695791,
      48571.63741835352
    ],
    "max": [
      117224,
      80243,
      126667,
      121561,
      116545,
      132141,
      142440,
      113110,
      117464,
      92495,
      96145,
      126640,
      96238,
      98179,
      141379,
      142215
    ],
    "min": [
      36248,
      32997,
      21486,
      19970,
      27050,
      25496,
      18136,
      18569,
      39077,
      20113,
      27609,
      32629,
      18282,
      21322,
      11970,
      20652
    ]
  },
  "sonnet_spectral_even_placement": {
    "mean": [
      61184,
      61184,
      61184,
      61184,
      61184,
      61184,
      61184,
      61184,
      61184,
      61184,
      61184,
      61184,
      61184,
      61184,
      61184,
      61184
    ],