{
  "0": {
    "[6, 28, 41, 56, 5, 3, 62, 12, 48, 1, 11]": {
      "1": 0.3128958625938568,
      "3": 0.3534442745147167,
      "2": 0.33365986289142635
    }
  },
  "1": {
    "[5, 1, 14, 45, 37, 21, 50, 42, 40, 4]": {
      "0": 0.48173635368540463,
      "2": 0.5182636463145954
    }
  },
  "2": {
    "[10, 62, 3, 37, 23, 20]": {
      "0": 0.26299194682524374,
      "3": 0.7370080531747564
    }
  },
  "3": {
    "[6, 54, 23, 30, 37]": {
      "1": 0.38152624701906707,
      "3": 0.618473752980933
    }
  },
  "4": {
    "[43, 61, 2, 42, 48]": {
      "1": 0.42005243736803166,
      "0": 0.5799475626319684
    }
  },
  "5": {
    "[60, 47, 39, 34, 50, 4, 7, 12, 57, 1]": {
      "2": 0.2505155142730589,
      "1": 0.5014698207266184,
      "3": 0.24801466500032268
    }
  },
  "6": {
    "[31, 10, 27, 17, 23, 46, 19, 26, 4]": {
      "3": 0.2256878322424843,
      "1": 0.5384315135573111,
      "2": 0.23588065420020451
    }
  },
  "7": {
    "[7, 54, 37, 40, 28]": {
      "2": 0.28810788721259206,
      "1": 0.7118921127874079
    }
  },
  "8": {
    "[23, 22, 51, 41, 48, 2, 39, 13, 31, 53, 56]": {
      "1": 0.22453314749014525,
      "3": 0.5029759752619044,
      "0": 0.27249087724795035
    }
  },
  "9": {
    "[19, 15, 61, 14, 30, 62, 25]": {
      "1": 0.276515969628314,
      "3": 0.7234840303716861
    }
  },
  "10": {
    "[22, 15, 32, 27, 21, 26, 55, 52, 61, 35, 58, 41, 37, 29, 49, 14, 8]": {
      "1": 0.25365356035846404,
      "3": 0.4377783572351757,
      "0": 0.30856808240636024
    }
  },
  "11": {
    "[25, 39, 10, 6, 16, 26, 36, 0, 30]": {
      "0": 0.30253085480332326,
      "2": 0.3728043788775049,
      "3": 0.3246647663191718
    }
  },
  "12": {
    "[1, 49, 13, 14, 4, 46, 34, 39]": {
      "2": 0.28092772549492134,
      "1": 0.7190722745050786
    }
  },
  "13": {
    "[14, 60, 44, 63, 59]": {
      "2": 0.5765597022917732,
      "0": 0.4234402977082267
    }
  },
  "14": {
    "[4, 17, 51, 32, 50, 59, 0, 54, 10, 29, 34, 16, 21, 57, 15, 53]": {
      "1": 0.1655366855567062,
      "3": 0.3712189610691004,
      "0": 0.2758009411838855,
      "2": 0.18744341219030797
    }
  },
  "15": {
    "[50, 12, 18, 14, 45, 47, 46, 10, 13, 11, 37, 55, 2, 4, 62, 24]": {
      "0": 0.1696991587572065,
      "3": 0.37697373801733686,
      "2": 0.2632448318278799,
      "1": 0.1900822713975768
    }
  }
}