{
  "0": {
    "[6, 28, 41, 56, 5, 3, 62, 12, 48, 1]": {
      "0": 0.33019700686547915,
      "1": 0.3399480884311434,
      "3": 0.3298549047033774
    }
  },
  "1": {
    "[5, 1, 45, 37, 21, 50, 42, 40, 4]": {
      "1": 0.4941295649829953,
      "2": 0.5058704350170047
    }
  },
  "2": {
    "[10, 62, 3, 23, 20]": {
      "0": 0.3063753836102033,
      "2": 0.6936246163897967
    }
  },
  "3": {
    "[6, 54, 23, 30, 37]": {
      "1": 0.3881352002657336,
      "3": 0.6118647997342663
    }
  },
  "4": {
    "[43, 61, 2, 42, 48]": {
      "1": 0.4264407886537317,
      "0": 0.5735592113462684
    }
  },
  "5": {
    "[60, 47, 34, 50]": {
      "3": 0.2713133693202314,
      "1": 0.7286866306797687
    }
  },
  "6": {
    "[31, 10, 27, 17, 23, 46, 26, 4]": {
      "3": 0.259006966113152,
      "0": 0.5136837758458174,
      "2": 0.2273092580410306
    }
  },
  "7": {
    "[54, 37, 40, 28, 20]": {
      "3": 0.33454474020594915,
      "1": 0.665455259794051
    }
  },
  "8": {
    "[23, 22, 41, 2, 39, 13, 31, 53, 56, 9]": {
      "1": 0.25478614662945165,
      "3": 0.5144297297773355,
      "0": 0.23078412359321296
    }
  },
  "9": {
    "[19, 15, 61, 14, 30, 62, 25]": {
      "1": 0.3128432963422882,
      "2": 0.6871567036577119
    }
  },
  "10": {
    "[22, 15, 32, 27, 21, 26, 55, 52]": {
      "0": 0.2961180973241253,
      "3": 0.7038819026758746
    }
  },
  "11": {
    "[25, 39, 10, 6, 16, 26, 36, 4, 0]": {
      "1": 0.24476846729729193,
      "3": 0.5118336573164799,
      "0": 0.24339787538622826
    }
  },
  "12": {
    "[1, 49, 13, 14, 4, 46, 34]": {
      "2": 0.32501707110196004,
      "0": 0.67498292889804
    }
  },
  "13": {
    "[14, 60, 44, 63, 59]": {
      "3": 0.5799795810815442,
      "1": 0.42002041891845576
    }
  },
  "14": {
    "[4, 17, 51, 32, 50, 59, 0, 54, 10, 29]": {
      "0": 0.2217951693051708,
      "3": 0.44918779787320956,
      "1": 0.3290170328216197
    }
  },
  "15": {
    "[50, 12, 18, 14, 45, 47, 46, 10, 13, 11]": {
      "0": 0.21837277999580165,
      "3": 0.41051293039513576,
      "2": 0.3711142896090626
    }
  }
}