{
  "vanilla_placement": {
    "gpu": {
      "mean": 61184.0,
      "var": 184778142.125,
      "std": 12675.39526263043,
      "max": 79570.4375,
      "min": 46660.0625
    },
    "node": {
      "mean": 122368.0,
      "var": 331447496.625,
      "std": 14827.0,
      "max": 137195.0,
      "min": 107541.0
    }
  },
  "sonnet_spectral_even_multi_placement": {
    "gpu": {
      "mean": 61184.0,
      "var": 1115967437.0,
      "std": 31309.870917549015,
      "max": 104258.375,
      "min": 20635.75
    },
    "node": {
      "mean": 122368.0,
      "var": 1809439657.0625,
      "std": 38025.4375,
      "max": 160393.4375,
      "min": 84342.5625
    }
  },
  "sonnet_spectral_uneven_multi_placement": {
    "gpu": {
      "mean": 61184.0,
      "var": 2338653828.75,
      "std": 44751.531255107424,
      "max": 133442.375,
      "min": 19194.3125
    },
    "node": {
      "mean": 122368.0,
      "var": 3439403840.875,
      "std": 53935.75,
      "max": 176303.75,
      "min": 68432.25
    }
  },
  "sonnet_spectral_even_multi_repli_act_placement": {
    "gpu": {
      "mean": 61184.0,
      "var": 454379623.84375,
      "std": 20809.694725199886,
      "max": 83987.0625,
      "min": 30034.8125
    },
    "node": {
      "mean": 122368.0,
      "var": 663720487.1875,
      "std": 22661.8125,
      "max": 145029.8125,
      "min": 99706.1875
    }
  },
  "sonnet_spectral_uneven_multi_repli_act_placement": {
    "gpu": {
      "mean": 61184.0,
      "var": 1023665301.0625,
      "std": 30583.631576941858,
      "max": 107137.0625,
      "min": 28369.0625
    },
    "node": {
      "mean": 122368.0,
      "var": 1654686867.1875,
      "std": 37772.4375,
      "max": 160140.4375,
      "min": 84595.5625
    }
  },
  "sonnet_spectral_uneven_multi_repli_group_weight_placement": {
    "gpu": {
      "mean": 61184.0,
      "var": 459841857.15625,
      "std": 18708.03145032467,
      "max": 80728.3125,
      "min": 36300.0625
    },
    "node": {
      "mean": 122368.0,
      "var": 103610042.1875,
      "std": 8912.9375,
      "max": 131280.9375,
      "min": 113455.0625
    }
  },
  "sonnet_spectral_uneven_multi_repli_group_topology_placement": {
    "gpu": {
      "mean": 61184.0,
      "var": 526345742.4375,
      "std": 20680.207682715125,
      "max": 87442.3125,
      "min": 35217.0625
    },
    "node": {
      "mean": 122368.0,
      "var": 225041703.0625,
      "std": 13827.1875,
      "max": 136195.1875,
      "min": 108540.8125
    }
  },
  "sonnet_spectral_uneven_multi_repli_group_score_placement": {
    "gpu": {
      "mean": 61184.0,
      "var": 462036238.90625,
      "std": 18788.914658911755,
      "max": 81275.8125,
      "min": 36262.125
    },
    "node": {
      "mean": 122368.0,
      "var": 106105019.625,
      "std": 8877.75,
      "max": 131245.75,
      "min": 113490.25
    }
  },
  "sonnet_spectral_uneven_multi_repli_group_several_weight_placement": {
    "gpu": {
      "mean": 61184.0,
      "var": 120330155.53125,
      "std": 10026.724069050064,
      "max": 71313.5625,
      "min": 46033.5
    },
    "node": {
      "mean": 122368.0,
      "var": 142640224.3125,
      "std": 9943.4375,
      "max": 132311.4375,
      "min": 112424.5625
    }
  },
  "sonnet_spectral_uneven_multi_repli_group_several_topology_placement": {
    "gpu": {
      "mean": 61184.0,
      "var": 279457689.9375,
      "std": 15554.692497847875,
      "max": 82622.0,
      "min": 41207.875
    },
    "node": {
      "mean": 122368.0,
      "var": 225041703.0625,
      "std": 13827.1875,
      "max": 136195.1875,
      "min": 108540.8125
    }
  },
  "sonnet_spectral_uneven_multi_repli_group_several_score_placement": {
    "gpu": {
      "mean": 61184.0,
      "var": 121896561.4375,
      "std": 10094.150400068305,
      "max": 71668.75,
      "min": 45925.5625
    },
    "node": {
      "mean": 122368.0,
      "var": 132390207.3125,
      "std": 9508.4375,
      "max": 131876.4375,
      "min": 112859.5625
    }
  },
  "sonnet_spectral_uneven_multi_repli_group_several_seg_weight_placement": {
    "gpu": {
      "mean": 61184.0,
      "var": 122564050.78125,
      "std": 9293.756866443026,
      "max": 71072.9375,
      "min": 47388.0625
    },
    "node": {
      "mean": 122368.0,
      "var": 102544196.3125,
      "std": 8284.0625,
      "max": 130652.0625,
      "min": 114083.9375
    }
  },
  "sonnet_spectral_uneven_multi_repli_group_several_seg_topology_placement": {
    "gpu": {
      "mean": 61184.0,
      "var": 238313930.0,
      "std": 14186.772806726087,
      "max": 79566.1875,
      "min": 42554.3125
    },
    "node": {
      "mean": 122368.0,
      "var": 196099645.5,
      "std": 12952.25,
      "max": 135320.25,
      "min": 109415.75
    }
  },
  "sonnet_spectral_uneven_multi_repli_group_several_seg_score_placement": {
    "gpu": {
      "mean": 61184.0,
      "var": 123441883.84375,
      "std": 9323.67168545644,
      "max": 71193.8125,
      "min": 47332.5
    },
    "node": {
      "mean": 122368.0,
      "var": 99982329.4375,
      "std": 8053.4375,
      "max": 130421.4375,
      "min": 114314.5625
    }
  }
}