{
  "vanilla_placement": {
    "gpu": {
      "mean": 61184.0,
      "var": 184778142.125,
      "std": 12675.39526263043,
      "max": 79570.4375,
      "min": 46660.0625
    },
    "node": {
      "mean": 122368.0,
      "var": 331447496.625,
      "std": 14827.0,
      "max": 137195.0,
      "min": 107541.0
    }
  },
  "spectral_even_placement": {
    "gpu": {
      "mean": 61184.0,
      "var": 1115967437.0,
      "std": 31309.870917549015,
      "max": 104258.375,
      "min": 20635.75
    },
    "node": {
      "mean": 122368.0,
      "var": 1809439657.0625,
      "std": 38025.4375,
      "max": 160393.4375,
      "min": 84342.5625
    }
  },
  "spectral_semi_even_0.1_placement": {
    "gpu": {
      "mean": 61184.0,
      "var": 1314680017.21875,
      "std": 34058.30565062926,
      "max": 108890.1875,
      "min": 18869.8125
    },
    "node": {
      "mean": 122368.0,
      "var": 1809439657.0625,
      "std": 38025.4375,
      "max": 160393.4375,
      "min": 84342.5625
    }
  },
  "spectral_semi_even_0.2_placement": {
    "gpu": {
      "mean": 61184.0,
      "var": 1402245806.3125,
      "std": 35187.81960386684,
      "max": 110820.875,
      "min": 18293.375
    },
    "node": {
      "mean": 122368.0,
      "var": 1809439657.0625,
      "std": 38025.4375,
      "max": 160393.4375,
      "min": 84342.5625
    }
  },
  "spectral_semi_even_0.25_placement": {
    "gpu": {
      "mean": 61184.0,
      "var": 1487527182.03125,
      "std": 36227.650616759136,
      "max": 112650.75,
      "min": 17917.8125
    },
    "node": {
      "mean": 122368.0,
      "var": 1809439657.0625,
      "std": 38025.4375,
      "max": 160393.4375,
      "min": 84342.5625
    }
  },
  "spectral_semi_even_0.3_placement": {
    "gpu": {
      "mean": 61184.0,
      "var": 1560922351.6875,
      "std": 37111.35634658196,
      "max": 114130.6875,
      "min": 17575.125
    },
    "node": {
      "mean": 122368.0,
      "var": 1809439657.0625,
      "std": 38025.4375,
      "max": 160393.4375,
      "min": 84342.5625
    }
  },
  "spectral_semi_even_0.4_placement": {
    "gpu": {
      "mean": 61184.0,
      "var": 1631389461.375,
      "std": 37832.9334169496,
      "max": 115371.8125,
      "min": 17335.6875
    },
    "node": {
      "mean": 122368.0,
      "var": 1809439657.0625,
      "std": 38025.4375,
      "max": 160393.4375,
      "min": 84342.5625
    }
  },
  "spectral_semi_even_0.5_placement": {
    "gpu": {
      "mean": 61184.0,
      "var": 1726919986.0625,
      "std": 38724.511130976214,
      "max": 116866.0,
      "min": 17117.875
    },
    "node": {
      "mean": 122368.0,
      "var": 1809439657.0625,
      "std": 38025.4375,
      "max": 160393.4375,
      "min": 84342.5625
    }
  },
  "spectral_semi_even_0.6_placement": {
    "gpu": {
      "mean": 61184.0,
      "var": 1785459140.125,
      "std": 39226.590413623395,
      "max": 117719.625,
      "min": 17035.75
    },
    "node": {
      "mean": 122368.0,
      "var": 1809439657.0625,
      "std": 38025.4375,
      "max": 160393.4375,
      "min": 84342.5625
    }
  },
  "spectral_semi_even_0.7_placement": {
    "gpu": {
      "mean": 61184.0,
      "var": 1798071794.34375,
      "std": 39320.71560015831,
      "max": 117859.5,
      "min": 16884.9375
    },
    "node": {
      "mean": 122368.0,
      "var": 1809439657.0625,
      "std": 38025.4375,
      "max": 160393.4375,
      "min": 84342.5625
    }
  },
  "spectral_semi_even_0.75_placement": {
    "gpu": {
      "mean": 61184.0,
      "var": 1809513425.46875,
      "std": 39401.25019534976,
      "max": 117991.25,
      "min": 16753.1875
    },
    "node": {
      "mean": 122368.0,
      "var": 1809439657.0625,
      "std": 38025.4375,
      "max": 160393.4375,
      "min": 84342.5625
    }
  },
  "spectral_semi_even_0.8_placement": {
    "gpu": {
      "mean": 61184.0,
      "var": 1809513425.46875,
      "std": 39401.25019534976,
      "max": 117991.25,
      "min": 16753.1875
    },
    "node": {
      "mean": 122368.0,
      "var": 1809439657.0625,
      "std": 38025.4375,
      "max": 160393.4375,
      "min": 84342.5625
    }
  },
  "spectral_semi_even_0.9_placement": {
    "gpu": {
      "mean": 61184.0,
      "var": 1809513425.46875,
      "std": 39401.25019534976,
      "max": 117991.25,
      "min": 16753.1875
    },
    "node": {
      "mean": 122368.0,
      "var": 1809439657.0625,
      "std": 38025.4375,
      "max": 160393.4375,
      "min": 84342.5625
    }
  },
  "spectral_semi_even_1_placement": {
    "gpu": {
      "mean": 61184.0,
      "var": 1809513425.46875,
      "std": 39401.25019534976,
      "max": 117991.25,
      "min": 16753.1875
    },
    "node": {
      "mean": 122368.0,
      "var": 1809439657.0625,
      "std": 38025.4375,
      "max": 160393.4375,
      "min": 84342.5625
    }
  },
  "spectral_uneven_placement": {
    "gpu": {
      "mean": 61184.0,
      "var": 2338653828.75,
      "std": 44751.531255107424,
      "max": 133442.375,
      "min": 19194.3125
    },
    "node": {
      "mean": 122368.0,
      "var": 3439403840.875,
      "std": 53935.75,
      "max": 176303.75,
      "min": 68432.25
    }
  }
}