{
  "vanilla_placement": {
    "gpu": {
      "mean": 61184.0,
      "var": 184778142.125,
      "std": 12675.39526263043,
      "max": 79570.4375,
      "min": 46660.0625
    },
    "node": {
      "mean": 122368.0,
      "var": 331447496.625,
      "std": 14827.0,
      "max": 137195.0,
      "min": 107541.0
    }
  },
  "sonnet_occult_multi_repli_act_4": {
    "gpu": {
      "mean": 61184.0,
      "var": 461405393.65625,
      "std": 20938.183929360268,
      "max": 85631.5625,
      "min": 29839.75
    },
    "node": {
      "mean": 122368.0,
      "var": 868333971.125,
      "std": 26450.5,
      "max": 148818.5,
      "min": 95917.5
    }
  },
  "sonnet_occult_multi_repli_act_8": {
    "gpu": {
      "mean": 61184.0,
      "var": 327201756.15625,
      "std": 17510.791675971566,
      "max": 81948.0,
      "min": 36265.75
    },
    "node": {
      "mean": 122368.0,
      "var": 753554847.8125,
      "std": 25017.1875,
      "max": 147385.1875,
      "min": 97350.8125
    }
  },
  "sonnet_occult_multi_repli_act_12": {
    "gpu": {
      "mean": 61184.0,
      "var": 194350639.21875,
      "std": 13634.253929106588,
      "max": 77145.125,
      "min": 42007.125
    },
    "node": {
      "mean": 122368.0,
      "var": 509052553.5,
      "std": 20908.0,
      "max": 143276.0,
      "min": 101460.0
    }
  },
  "sonnet_occult_multi_repli_act_16": {
    "gpu": {
      "mean": 61184.0,
      "var": 141509893.8125,
      "std": 11737.527893744455,
      "max": 76137.875,
      "min": 45399.5625
    },
    "node": {
      "mean": 122368.0,
      "var": 334881828.9375,
      "std": 17117.4375,
      "max": 139485.4375,
      "min": 105250.5625
    }
  },
  "sonnet_occult_multi_repli_act_20": {
    "gpu": {
      "mean": 61184.0,
      "var": 74455027.71875,
      "std": 8124.2885543196535,
      "max": 71259.0625,
      "min": 49433.3125
    },
    "node": {
      "mean": 122368.0,
      "var": 187438401.4375,
      "std": 12824.0625,
      "max": 135192.0625,
      "min": 109543.9375
    }
  },
  "sonnet_spectral_even_multi_repli_act_4": {
    "gpu": {
      "mean": 61184.0,
      "var": 454379623.84375,
      "std": 20809.694725199886,
      "max": 83987.0625,
      "min": 30034.8125
    },
    "node": {
      "mean": 122368.0,
      "var": 663720487.1875,
      "std": 22661.8125,
      "max": 145029.8125,
      "min": 99706.1875
    }
  },
  "sonnet_spectral_even_multi_repli_act_8": {
    "gpu": {
      "mean": 61184.0,
      "var": 315399949.5625,
      "std": 17316.960295554032,
      "max": 81267.25,
      "min": 35975.6875
    },
    "node": {
      "mean": 122368.0,
      "var": 594470056.3125,
      "std": 22897.5625,
      "max": 145265.5625,
      "min": 99470.4375
    }
  },
  "sonnet_spectral_even_multi_repli_act_12": {
    "gpu": {
      "mean": 61184.0,
      "var": 194978103.59375,
      "std": 13387.41577063801,
      "max": 78318.375,
      "min": 42690.625
    },
    "node": {
      "mean": 122368.0,
      "var": 492427779.0625,
      "std": 20728.3125,
      "max": 143096.3125,
      "min": 101639.6875
    }
  },
  "sonnet_spectral_even_multi_repli_act_16": {
    "gpu": {
      "mean": 61184.0,
      "var": 134673768.6875,
      "std": 11246.6026485606,
      "max": 75956.3125,
      "min": 46709.8125
    },
    "node": {
      "mean": 122368.0,
      "var": 391716846.5,
      "std": 18790.5,
      "max": 141158.5,
      "min": 103577.5
    }
  },
  "sonnet_spectral_even_multi_repli_act_20": {
    "gpu": {
      "mean": 61184.0,
      "var": 71643153.15625,
      "std": 8287.030140837873,
      "max": 72119.3125,
      "min": 50680.625
    },
    "node": {
      "mean": 122368.0,
      "var": 175603260.5,
      "std": 11811.75,
      "max": 134179.75,
      "min": 110556.25
    }
  },
  "sonnet_spectral_uneven_multi_repli_act_4": {
    "gpu": {
      "mean": 61184.0,
      "var": 1023665301.0625,
      "std": 30583.631576941858,
      "max": 107137.0625,
      "min": 28369.0625
    },
    "node": {
      "mean": 122368.0,
      "var": 1654686867.1875,
      "std": 37772.4375,
      "max": 160140.4375,
      "min": 84595.5625
    }
  },
  "sonnet_spectral_uneven_multi_repli_act_8": {
    "gpu": {
      "mean": 61184.0,
      "var": 805927795.6875,
      "std": 27451.886297286488,
      "max": 102464.9375,
      "min": 31270.9375
    },
    "node": {
      "mean": 122368.0,
      "var": 1562519001.9375,
      "std": 37463.4375,
      "max": 159831.4375,
      "min": 84904.5625
    }
  },
  "sonnet_spectral_uneven_multi_repli_act_12": {
    "gpu": {
      "mean": 61184.0,
      "var": 478687752.875,
      "std": 21044.88836618342,
      "max": 93489.0,
      "min": 39628.0
    },
    "node": {
      "mean": 122368.0,
      "var": 1049778907.75,
      "std": 30510.0,
      "max": 152878.0,
      "min": 91858.0
    }
  },
  "sonnet_spectral_uneven_multi_repli_act_16": {
    "gpu": {
      "mean": 61184.0,
      "var": 337364448.3125,
      "std": 17457.328116376324,
      "max": 86366.0625,
      "min": 42119.9375
    },
    "node": {
      "mean": 122368.0,
      "var": 826049483.625,
      "std": 26999.5,
      "max": 149367.5,
      "min": 95368.5
    }
  },
  "sonnet_spectral_uneven_multi_repli_act_20": {
    "gpu": {
      "mean": 61184.0,
      "var": 211892778.4375,
      "std": 13685.487499370884,
      "max": 81655.75,
      "min": 46147.625
    },
    "node": {
      "mean": 122368.0,
      "var": 372980348.375,
      "std": 16701.25,
      "max": 139069.25,
      "min": 105666.75
    }
  }
}