{
  "0": {
    "[6, 28, 41, 56]": {
      "0": 0.37410800810686123,
      "3": 0.6258919918931387
    }
  },
  "1": {
    "[5, 1, 45, 37, 21, 50, 42, 40]": {
      "0": 0.5251026060776144,
      "2": 0.47489739392238567
    }
  },
  "2": {
    "[10, 7, 62, 3, 37, 20, 56, 38]": {
      "0": 0.28161715385620784,
      "2": 0.4747392972002888,
      "1": 0.24364354894350335
    }
  },
  "3": {
    "[6, 54, 23, 30, 37]": {
      "0": 0.4089325554074767,
      "2": 0.5910674445925234
    }
  },
  "4": {
    "[43, 61, 2, 42, 48]": {
      "0": 0.38349537188296884,
      "1": 0.6165046281170312
    }
  },
  "5": {
    "[60, 34, 4, 7]": {
      "3": 0.34562447638760896,
      "1": 0.654375523612391
    }
  },
  "6": {
    "[31, 10, 27, 17, 23, 46, 19]": {
      "2": 0.25669132794539884,
      "1": 0.4836818561810359,
      "3": 0.2596268158735654
    }
  },
  "7": {
    "[54, 37, 40, 28, 20]": {
      "3": 0.36260288397776624,
      "1": 0.6373971160222337
    }
  },
  "8": {
    "[23, 22, 51, 41, 48, 2, 39, 13, 31]": {
      "0": 0.2636612132435284,
      "2": 0.4615164921281098,
      "1": 0.27482229462836194
    }
  },
  "9": {
    "[19, 15, 61, 14, 30, 62]": {
      "0": 0.34074001826831224,
      "3": 0.6592599817316878
    }
  },
  "10": {
    "[22, 15, 32, 27, 21, 26]": {
      "1": 0.34193092635460454,
      "3": 0.6580690736453955
    }
  },
  "11": {
    "[25, 39, 10, 6, 16, 26, 36, 4]": {
      "0": 0.2804584525105666,
      "3": 0.4758141147610136,
      "1": 0.24372743272841987
    }
  },
  "12": {
    "[1, 49, 13, 14, 4, 46]": {
      "2": 0.3620212294357718,
      "1": 0.6379787705642281
    }
  },
  "13": {
    "[14, 60, 44, 63, 59]": {
      "3": 0.5889716668574941,
      "0": 0.4110283331425059
    }
  },
  "14": {
    "[4, 17, 51, 32, 50, 59, 0]": {
      "0": 0.24298741072289812,
      "3": 0.454727610911367,
      "1": 0.3022849783657349
    }
  },
  "15": {
    "[50, 12, 18, 14, 45, 47, 46, 10]": {
      "0": 0.24572305489007035,
      "2": 0.37717658169796653,
      "3": 0.377100363411963
    }
  }
}