{
  "0": {
    "[6, 28, 41, 56]": {
      "0": 0.36246159670550737,
      "3": 0.6375384032944926
    }
  },
  "1": {
    "[5, 1, 45, 37, 21, 50, 42, 40, 4]": {
      "0": 0.5109087105304785,
      "2": 0.4890912894695216
    }
  },
  "2": {
    "[10, 7, 62, 3, 37, 20, 56, 38, 41]": {
      "0": 0.2730951521343136,
      "2": 0.4710270580781239,
      "1": 0.2558777897875625
    }
  },
  "3": {
    "[6, 54, 23, 30, 37]": {
      "0": 0.39317201539683544,
      "2": 0.6068279846031644
    }
  },
  "4": {
    "[43, 61, 2, 42, 48]": {
      "0": 0.38349537188296884,
      "1": 0.6165046281170312
    }
  },
  "5": {
    "[60, 34, 4, 7]": {
      "3": 0.3398496240636661,
      "1": 0.6601503759363339
    }
  },
  "6": {
    "[31, 10, 27, 17, 23, 46, 19, 26]": {
      "2": 0.2517430114441201,
      "1": 0.4722252846638631,
      "3": 0.27603170389201676
    }
  },
  "7": {
    "[54, 37, 40, 28, 20]": {
      "3": 0.36260288397776624,
      "1": 0.6373971160222337
    }
  },
  "8": {
    "[23, 22, 51, 41, 48, 2, 39, 13, 31]": {
      "0": 0.24245048931446495,
      "2": 0.46055602051305705,
      "1": 0.296993490172478
    }
  },
  "9": {
    "[19, 15, 61, 14, 30, 62]": {
      "0": 0.31470781580087354,
      "3": 0.6852921841991265
    }
  },
  "10": {
    "[22, 15, 32, 27, 21, 26]": {
      "1": 0.3112437978334666,
      "3": 0.6887562021665333
    }
  },
  "11": {
    "[25, 39, 10, 6, 16, 26, 36, 4]": {
      "0": 0.2673365579474534,
      "3": 0.4769193837305261,
      "1": 0.25574405832202046
    }
  },
  "12": {
    "[1, 49, 13, 14, 4, 46]": {
      "2": 0.3620212294357718,
      "1": 0.6379787705642281
    }
  },
  "13": {
    "[14, 60, 44, 63, 59]": {
      "3": 0.5905407735172766,
      "0": 0.40945922648272337
    }
  },
  "14": {
    "[4, 17, 51, 32, 50, 59, 0, 54]": {
      "0": 0.23401278900150346,
      "3": 0.43889861624611076,
      "1": 0.32708859475238566
    }
  },
  "15": {
    "[50, 12, 18, 14, 45, 47, 46, 10, 13]": {
      "0": 0.24842907861423189,
      "2": 0.3782088964448702,
      "3": 0.3733620249408979
    }
  }
}