{
  "0": {
    "[6, 28, 41, 56]": {
      "1": 0.33610989872929803,
      "3": 0.6638901012707018
    }
  },
  "1": {
    "[5, 1, 45, 37, 21, 50, 42, 40, 4]": {
      "0": 0.5146187556074089,
      "3": 0.4853812443925912
    }
  },
  "2": {
    "[10, 62, 3, 23, 20]": {
      "0": 0.32443133721408607,
      "3": 0.6755686627859139
    }
  },
  "3": {
    "[6, 54, 23, 30, 37]": {
      "1": 0.3999025849786048,
      "3": 0.6000974150213951
    }
  },
  "4": {
    "[43, 61, 2, 42, 48]": {
      "0": 0.4309114297978768,
      "1": 0.5690885702021232
    }
  },
  "5": {
    "[60, 47, 34, 4]": {
      "3": 0.30565059145030665,
      "1": 0.6943494085496933
    }
  },
  "6": {
    "[31, 10, 27, 17, 23, 46, 19, 26]": {
      "3": 0.24382084496411718,
      "1": 0.5048928506176292,
      "2": 0.2512863044182535
    }
  },
  "7": {
    "[7, 9, 37, 3]": {
      "2": 0.341572670961045,
      "1": 0.6584273290389551
    }
  },
  "8": {
    "[23, 22, 51, 41, 48, 2, 39, 13, 31]": {
      "0": 0.23874685141202565,
      "3": 0.4862256571175795,
      "1": 0.27502749147039496
    }
  },
  "9": {
    "[19, 15, 61, 14, 30, 62]": {
      "0": 0.312744241850147,
      "3": 0.687255758149853
    }
  },
  "10": {
    "[22, 15, 32, 27, 21, 26]": {
      "0": 0.30650334150843767,
      "3": 0.6934966584915623
    }
  },
  "11": {
    "[25, 39, 10, 6, 16, 26, 36, 4]": {
      "0": 0.25634268179664255,
      "3": 0.5045098400855202,
      "1": 0.23914747811783718
    }
  },
  "12": {
    "[1, 49, 13, 14, 4, 46, 34]": {
      "3": 0.3625197057300559,
      "1": 0.6374802942699442
    }
  },
  "13": {
    "[14, 60, 44, 63, 59]": {
      "2": 0.582383394100653,
      "0": 0.41761660589934707
    }
  },
  "14": {
    "[4, 17, 51, 32, 50, 59, 0, 54]": {
      "0": 0.24077520374061276,
      "3": 0.45158174559191033,
      "1": 0.3076430506674768
    }
  },
  "15": {
    "[50, 12, 18, 14, 45, 47, 46, 10, 13]": {
      "0": 0.23588488090974175,
      "3": 0.41036836938210486,
      "2": 0.35374674970815334
    }
  }
}