{
  "vanilla_placement": {
    "gpu": {
      "mean": 61184.0,
      "var": 184778142.125,
      "std": 12675.39526263043,
      "max": 79570.4375,
      "min": 46660.0625
    },
    "node": {
      "mean": 122368.0,
      "var": 331447496.625,
      "std": 14827.0,
      "max": 137195.0,
      "min": 107541.0
    }
  },
  "sonnet_spectral_uneven_multi_repli_group_several_formula_topology_placement": {
    "gpu": {
      "mean": 61184.0,
      "var": 221855257.25,
      "std": 14046.498190889279,
      "max": 80273.25,
      "min": 43220.5
    },
    "node": {
      "mean": 122368.0,
      "var": 225041703.0625,
      "std": 13827.1875,
      "max": 136195.1875,
      "min": 108540.8125
    }
  },
  "sonnet_spectral_uneven_multi_repli_group_several_part_of_topology_placement": {
    "gpu": {
      "mean": 61184.0,
      "var": 238441452.0625,
      "std": 14679.814274002856,
      "max": 82476.875,
      "min": 43596.3125
    },
    "node": {
      "mean": 122368.0,
      "var": 268231945.5625,
      "std": 13602.0625,
      "max": 135970.0625,
      "min": 108765.9375
    }
  },
  "gpu1_multi_part_of_topology_placement": {
    "gpu": {
      "mean": 61184.0,
      "var": 210396336.09375,
      "std": 13520.519076176835,
      "max": 79229.875,
      "min": 44389.9375
    },
    "node": {
      "mean": 122368.0,
      "var": 173810714.1875,
      "std": 10790.6875,
      "max": 133158.6875,
      "min": 111577.3125
    }
  },
  "gpu2_multi_part_of_topology_placement": {
    "gpu": {
      "mean": 61184.0,
      "var": 199393501.96875,
      "std": 12866.5447921243,
      "max": 77976.5,
      "min": 44988.6875
    },
    "node": {
      "mean": 122368.0,
      "var": 143618656.375,
      "std": 9773.125,
      "max": 132141.125,
      "min": 112594.875
    }
  },
  "gpu3_multi_part_of_topology_placement": {
    "gpu": {
      "mean": 61184.0,
      "var": 236794507.90625,
      "std": 13904.996550861355,
      "max": 78816.375,
      "min": 43909.5625
    },
    "node": {
      "mean": 122368.0,
      "var": 123169361.375,
      "std": 9259.125,
      "max": 131627.125,
      "min": 113108.875
    }
  },
  "gpu4_multi_part_of_topology_placement": {
    "gpu": {
      "mean": 61184.0,
      "var": 251212464.25,
      "std": 14202.942856583622,
      "max": 79356.1875,
      "min": 43775.3125
    },
    "node": {
      "mean": 122368.0,
      "var": 122581042.375,
      "std": 9412.0,
      "max": 131780.0,
      "min": 112956.0
    }
  },
  "gpu5_multi_part_of_topology_placement": {
    "gpu": {
      "mean": 61184.0,
      "var": 284739003.28125,
      "std": 14972.761061961653,
      "max": 80154.25,
      "min": 42643.5625
    },
    "node": {
      "mean": 122368.0,
      "var": 112464043.375,
      "std": 9215.5,
      "max": 131583.5,
      "min": 113152.5
    }
  },
  "gpu6_multi_part_of_topology_placement": {
    "gpu": {
      "mean": 61184.0,
      "var": 265550122.09375,
      "std": 14546.50049357898,
      "max": 80498.5625,
      "min": 43314.0625
    },
    "node": {
      "mean": 122368.0,
      "var": 124285811.4375,
      "std": 9812.3125,
      "max": 132180.3125,
      "min": 112555.6875
    }
  }
}