{
  "0": {
    "[6, 28, 41, 56, 5, 3, 62, 12, 48, 1]": {
      "0": 0.33019700686547915,
      "1": 0.3399480884311434,
      "3": 0.3298549047033774
    }
  },
  "1": {
    "[5, 1, 45, 37, 21, 50, 42, 40, 4]": {
      "1": 0.4941295649829953,
      "2": 0.5058704350170047
    }
  },
  "2": {
    "[10, 62, 3, 23, 20]": {
      "0": 0.29313448903461276,
      "2": 0.7068655109653872
    }
  },
  "3": {
    "[6, 54, 23, 30, 37]": {
      "1": 0.38046153627441115,
      "3": 0.6195384637255887
    }
  },
  "4": {
    "[43, 61, 2, 42, 48]": {
      "1": 0.4264407886537317,
      "0": 0.5735592113462684
    }
  },
  "5": {
    "[60, 47, 34, 50]": {
      "3": 0.26234676331264273,
      "1": 0.7376532366873574
    }
  },
  "6": {
    "[31, 10, 27, 17, 23, 46, 26, 4]": {
      "3": 0.2567719510009056,
      "0": 0.5178802811623593,
      "2": 0.22534776783673519
    }
  },
  "7": {
    "[54, 37, 40, 28, 20]": {
      "3": 0.33454474020594915,
      "1": 0.665455259794051
    }
  },
  "8": {
    "[23, 22, 41, 2, 39, 13, 31, 53, 56, 9]": {
      "1": 0.24812061541278507,
      "3": 0.5271328686130647,
      "0": 0.22474651597415027
    }
  },
  "9": {
    "[19, 15, 61, 14, 30, 62, 25]": {
      "1": 0.3012441542433382,
      "2": 0.6987558457566618
    }
  },
  "10": {
    "[22, 15, 32, 27, 21, 26, 55, 52, 61, 35, 58, 41, 37, 29, 49]": {
      "0": 0.23138694570221455,
      "3": 0.488545917644024,
      "1": 0.2800671366537614
    }
  },
  "11": {
    "[25, 39, 10, 6, 16, 26, 36, 4, 0, 30]": {
      "1": 0.2483435906996024,
      "3": 0.4993742936020019,
      "0": 0.25228211569839576
    }
  },
  "12": {
    "[1, 49, 13, 14, 4, 46, 34]": {
      "2": 0.32501707110196004,
      "0": 0.67498292889804
    }
  },
  "13": {
    "[14, 60, 44, 63, 59]": {
      "3": 0.5806597453399315,
      "1": 0.4193402546600686
    }
  },
  "14": {
    "[4, 17, 51, 32, 50, 59, 0, 54, 10, 29, 34, 16, 21, 57, 15]": {
      "0": 0.1838122996470228,
      "3": 0.3400400667708222,
      "1": 0.2855575327876036,
      "2": 0.19059010079455138
    }
  },
  "15": {
    "[50, 12, 18, 14, 45, 47, 46, 10, 13, 11, 37]": {
      "0": 0.2152435674488252,
      "3": 0.4115137336019895,
      "2": 0.37324269894918527
    }
  }
}