{
  "0": {
    "[6, 28, 41, 56]": {
      "0": 0.36246159670550737,
      "3": 0.6375384032944926
    }
  },
  "1": {
    "[5, 1, 45, 37, 21, 50, 42, 40, 4]": {
      "0": 0.5109087105304785,
      "2": 0.4890912894695216
    }
  },
  "2": {
    "[10, 7, 62, 3, 37, 20, 56, 38, 41]": {
      "0": 0.27128923607973277,
      "2": 0.47452503569065124,
      "1": 0.254185728229616
    }
  },
  "3": {
    "[6, 54, 23, 30, 37]": {
      "0": 0.3875240694909961,
      "2": 0.612475930509004
    }
  },
  "4": {
    "[43, 61, 2, 42, 48]": {
      "0": 0.38349537188296884,
      "1": 0.6165046281170312
    }
  },
  "5": {
    "[60, 34, 4, 7]": {
      "3": 0.3398496240636661,
      "1": 0.6601503759363339
    }
  },
  "6": {
    "[31, 10, 27, 17, 23, 46, 19, 26]": {
      "2": 0.24525226691779148,
      "1": 0.4714597030062279,
      "3": 0.2832880300759806
    }
  },
  "7": {
    "[54, 37, 40, 28, 20]": {
      "3": 0.36260288397776624,
      "1": 0.6373971160222337
    }
  },
  "8": {
    "[23, 22, 51, 41, 48, 2, 39, 13, 31, 53]": {
      "0": 0.25031123116741294,
      "2": 0.4462400731067711,
      "1": 0.3034486957258159
    }
  },
  "9": {
    "[19, 15, 61, 14, 30, 62, 25]": {
      "0": 0.3275126644276104,
      "3": 0.6724873355723897
    }
  },
  "10": {
    "[22, 15, 32, 27, 21, 26, 55]": {
      "1": 0.31141782718605865,
      "3": 0.6885821728139413
    }
  },
  "11": {
    "[25, 39, 10, 6, 16, 26, 36, 4, 0]": {
      "0": 0.2730412226941039,
      "3": 0.4637799618334878,
      "1": 0.26317881547240835
    }
  },
  "12": {
    "[1, 49, 13, 14, 4, 46]": {
      "2": 0.3620212294357718,
      "1": 0.6379787705642281
    }
  },
  "13": {
    "[14, 60, 44, 63, 59]": {
      "3": 0.5917306527383027,
      "0": 0.40826934726169734
    }
  },
  "14": {
    "[4, 17, 51, 32, 50, 59, 0, 54, 10]": {
      "0": 0.236415817010562,
      "3": 0.426830875346914,
      "1": 0.33675330764252404
    }
  },
  "15": {
    "[50, 12, 18, 14, 45, 47, 46, 10, 13]": {
      "0": 0.24003501021358986,
      "2": 0.3834884948592935,
      "3": 0.3764764949271166
    }
  }
}