{
  "0": {
    "[6, 28, 41, 56, 5]": {
      "1": 0.34762603942769627,
      "3": 0.6523739605723036
    }
  },
  "1": {
    "[5, 1, 45, 37, 21, 50, 42, 40, 4]": {
      "0": 0.5057975556251113,
      "3": 0.4942024443748886
    }
  },
  "2": {
    "[10, 62, 3, 23, 20]": {
      "0": 0.32443133721408607,
      "3": 0.6755686627859139
    }
  },
  "3": {
    "[6, 54, 23, 30, 37]": {
      "1": 0.3982620385719575,
      "3": 0.6017379614280425
    }
  },
  "4": {
    "[43, 61, 2, 42, 48]": {
      "0": 0.4309114297978768,
      "1": 0.5690885702021232
    }
  },
  "5": {
    "[60, 47, 34, 4]": {
      "3": 0.30565059145030665,
      "1": 0.6943494085496933
    }
  },
  "6": {
    "[31, 10, 27, 17, 23, 46, 19, 26]": {
      "3": 0.2377558359909061,
      "1": 0.5045443056105223,
      "2": 0.25769985839857157
    }
  },
  "7": {
    "[7, 9, 37, 3]": {
      "2": 0.341572670961045,
      "1": 0.6584273290389551
    }
  },
  "8": {
    "[23, 22, 51, 41, 48, 2, 39, 13, 31, 53]": {
      "0": 0.24884338449575247,
      "3": 0.4712373402810851,
      "1": 0.27991927522316246
    }
  },
  "9": {
    "[19, 15, 61, 14, 30, 62, 25]": {
      "0": 0.3290977411164152,
      "3": 0.6709022588835848
    }
  },
  "10": {
    "[22, 15, 32, 27, 21, 26, 55]": {
      "0": 0.31703418313276444,
      "3": 0.6829658168672357
    }
  },
  "11": {
    "[25, 39, 10, 6, 16, 26, 36, 4, 0]": {
      "0": 0.26758084102063195,
      "3": 0.4902295608614369,
      "1": 0.24218959811793112
    }
  },
  "12": {
    "[1, 49, 13, 14, 4, 46, 34]": {
      "3": 0.3625197057300559,
      "1": 0.6374802942699442
    }
  },
  "13": {
    "[14, 60, 44, 63, 59]": {
      "2": 0.582383394100653,
      "0": 0.41761660589934707
    }
  },
  "14": {
    "[4, 17, 51, 32, 50, 59, 0, 54, 10]": {
      "0": 0.24360372870659278,
      "3": 0.4398081062273507,
      "1": 0.3165881650660565
    }
  },
  "15": {
    "[50, 12, 18, 14, 45, 47, 46, 10, 13]": {
      "0": 0.2278049971321072,
      "3": 0.4147076746095325,
      "2": 0.3574873282583604
    }
  }
}