{
  "vanilla_placement": {
    "gpu": {
      "mean": 61184.0,
      "var": 184778142.125,
      "std": 12675.39526263043,
      "max": 79570.4375,
      "min": 46660.0625
    },
    "node": {
      "mean": 122368.0,
      "var": 331447496.625,
      "std": 14827.0,
      "max": 137195.0,
      "min": 107541.0
    }
  },
  "spectral_even_placement": {
    "gpu": {
      "mean": 61184.0,
      "var": 1048645556.5,
      "std": 30918.66890355524,
      "max": 105028.9375,
      "min": 24792.1875
    },
    "node": {
      "mean": 122368.0,
      "var": 1678867806.4375,
      "std": 33324.0625,
      "max": 155692.0625,
      "min": 89043.9375
    }
  },
  "spectral_semi_even_0.1_placement": {
    "gpu": {
      "mean": 61184.0,
      "var": 1258138193.5625,
      "std": 34106.96611198937,
      "max": 109918.0625,
      "min": 21423.625
    },
    "node": {
      "mean": 122368.0,
      "var": 1087142287.875,
      "std": 25541.5,
      "max": 147909.5,
      "min": 96826.5
    }
  },
  "spectral_semi_even_0.2_placement": {
    "gpu": {
      "mean": 61184.0,
      "var": 1334586356.625,
      "std": 35081.803496910296,
      "max": 111570.1875,
      "min": 20780.4375
    },
    "node": {
      "mean": 122368.0,
      "var": 1169886578.75,
      "std": 26697.75,
      "max": 149065.75,
      "min": 95670.25
    }
  },
  "spectral_semi_even_0.25_placement": {
    "gpu": {
      "mean": 61184.0,
      "var": 1405880060.09375,
      "std": 35972.8985941405,
      "max": 112994.1875,
      "min": 20095.5
    },
    "node": {
      "mean": 122368.0,
      "var": 1262601874.875,
      "std": 27829.125,
      "max": 150197.125,
      "min": 94538.875
    }
  },
  "spectral_semi_even_0.3_placement": {
    "gpu": {
      "mean": 61184.0,
      "var": 1462306598.09375,
      "std": 36643.99708329054,
      "max": 114285.9375,
      "min": 19773.1875
    },
    "node": {
      "mean": 122368.0,
      "var": 1353769261.625,
      "std": 28845.75,
      "max": 151213.75,
      "min": 93522.25
    }
  },
  "spectral_semi_even_0.4_placement": {
    "gpu": {
      "mean": 61184.0,
      "var": 1509142939.09375,
      "std": 37190.261341368474,
      "max": 115228.875,
      "min": 19294.1875
    },
    "node": {
      "mean": 122368.0,
      "var": 1411720193.0625,
      "std": 29702.9375,
      "max": 152070.9375,
      "min": 92665.0625
    }
  },
  "spectral_semi_even_0.5_placement": {
    "gpu": {
      "mean": 61184.0,
      "var": 1572298579.84375,
      "std": 37928.83507987157,
      "max": 116603.75,
      "min": 18740.5
    },
    "node": {
      "mean": 122368.0,
      "var": 1506266921.1875,
      "std": 31028.4375,
      "max": 153396.4375,
      "min": 91339.5625
    }
  },
  "spectral_semi_even_0.6_placement": {
    "gpu": {
      "mean": 61184.0,
      "var": 1610539071.15625,
      "std": 38348.562025378065,
      "max": 117550.9375,
      "min": 18506.5625
    },
    "node": {
      "mean": 122368.0,
      "var": 1574305872.625,
      "std": 31806.75,
      "max": 154174.75,
      "min": 90561.25
    }
  },
  "spectral_semi_even_0.7_placement": {
    "gpu": {
      "mean": 61184.0,
      "var": 1621788603.0,
      "std": 38465.90636214513,
      "max": 117860.0,
      "min": 18506.5625
    },
    "node": {
      "mean": 122368.0,
      "var": 1595047070.8125,
      "std": 32076.8125,
      "max": 154444.8125,
      "min": 90291.1875
    }
  },
  "spectral_semi_even_0.75_placement": {
    "gpu": {
      "mean": 61184.0,
      "var": 1629755546.34375,
      "std": 38545.19376314749,
      "max": 118063.125,
      "min": 18506.5625
    },
    "node": {
      "mean": 122368.0,
      "var": 1610761124.0,
      "std": 32235.375,
      "max": 154603.375,
      "min": 90132.625
    }
  },
  "spectral_semi_even_0.8_placement": {
    "gpu": {
      "mean": 61184.0,
      "var": 1636062719.96875,
      "std": 38605.590035679976,
      "max": 118214.5,
      "min": 18506.5625
    },
    "node": {
      "mean": 122368.0,
      "var": 1622701814.4375,
      "std": 32341.9375,
      "max": 154709.9375,
      "min": 90026.0625
    }
  },
  "spectral_semi_even_0.9_placement": {
    "gpu": {
      "mean": 61184.0,
      "var": 1640207614.21875,
      "std": 38645.631445740684,
      "max": 118316.125,
      "min": 18506.5625
    },
    "node": {
      "mean": 122368.0,
      "var": 1630226596.5,
      "std": 32408.75,
      "max": 154776.75,
      "min": 89959.25
    }
  },
  "spectral_semi_even_1_placement": {
    "gpu": {
      "mean": 61184.0,
      "var": 1647188295.28125,
      "std": 38710.214034960256,
      "max": 118470.75,
      "min": 18506.5625
    },
    "node": {
      "mean": 122368.0,
      "var": 1643527236.5,
      "std": 32515.875,
      "max": 154883.875,
      "min": 89852.125
    }
  },
  "spectral_uneven_placement": {
    "gpu": {
      "mean": 61184.0,
      "var": 1652975727.90625,
      "std": 38759.442507503074,
      "max": 118571.5,
      "min": 18506.5625
    },
    "node": {
      "mean": 122368.0,
      "var": 1656371451.0,
      "std": 32616.625,
      "max": 154984.625,
      "min": 89751.375
    }
  }
}