{
  "0": {
    "[6, 28, 41, 56]": {
      "1": 0.43175184099471603,
      "3": 0.568248159005284
    }
  },
  "1": {
    "[5, 1, 45, 37, 21, 50, 42, 40, 4]": {
      "0": 0.5087873330330364,
      "3": 0.4912126669669637
    }
  },
  "2": {
    "[10, 62, 3, 23, 20]": {
      "0": 0.3069023024725269,
      "3": 0.6930976975274731
    }
  },
  "3": {
    "[6, 54, 23, 30, 37]": {
      "1": 0.41509092302131745,
      "3": 0.5849090769786826
    }
  },
  "4": {
    "[43, 61, 2, 42]": {
      "0": 0.41315332690620726,
      "1": 0.5868466730937927
    }
  },
  "5": {
    "[60, 47, 34, 50, 4]": {
      "3": 0.3007173988214643,
      "1": 0.6992826011785356
    }
  },
  "6": {
    "[31, 10, 27, 17, 23, 46, 26, 4]": {
      "3": 0.2633341710508329,
      "1": 0.5087065805909026,
      "2": 0.22795924835826462
    }
  },
  "7": {
    "[7, 54, 37, 40]": {
      "2": 0.3052504131608486,
      "1": 0.6947495868391514
    }
  },
  "8": {
    "[23, 22, 41, 2, 39]": {
      "0": 0.2950127887588853,
      "3": 0.7049872112411146
    }
  },
  "9": {
    "[19, 15, 61, 14, 30, 62, 25]": {
      "0": 0.3229470951020184,
      "3": 0.6770529048979816
    }
  },
  "10": {
    "[22, 15, 32, 27, 21, 26]": {
      "1": 0.31150388061006956,
      "3": 0.6884961193899304
    }
  },
  "11": {
    "[25, 39, 10, 6, 16, 26, 36, 4]": {
      "0": 0.24856702637290687,
      "3": 0.5296341239146646,
      "1": 0.2217988497124286
    }
  },
  "12": {
    "[1, 49, 13, 14, 4, 46, 34]": {
      "2": 0.3287892771592798,
      "1": 0.6712107228407201
    }
  },
  "13": {
    "[14, 60, 44, 63, 59]": {
      "3": 0.5753681213934863,
      "0": 0.4246318786065137
    }
  },
  "14": {
    "[4, 17, 51, 32, 50, 59, 0, 54]": {
      "1": 0.23562147543080175,
      "3": 0.4775601097455663,
      "0": 0.2868184148236319
    }
  },
  "15": {
    "[50, 12, 18, 14, 45, 47, 46, 10, 13]": {
      "0": 0.2265338983025631,
      "3": 0.41682548881526243,
      "2": 0.35664061288217447
    }
  }
}