{
  "0": {
    "[6, 28, 41, 56, 5]": {
      "0": 0.30932079479461744,
      "3": 0.6906792052053825
    }
  },
  "1": {
    "[5, 1, 45, 37, 21, 50, 42, 40, 4]": {
      "1": 0.5020853219766196,
      "3": 0.49791467802338035
    }
  },
  "2": {
    "[10, 62, 3, 23, 20]": {
      "0": 0.3057647157899566,
      "3": 0.6942352842100433
    }
  },
  "3": {
    "[6, 54, 23, 30, 37]": {
      "1": 0.38046153627441115,
      "3": 0.6195384637255887
    }
  },
  "4": {
    "[43, 61, 2, 42, 48]": {
      "0": 0.43320141597750383,
      "1": 0.5667985840224963
    }
  },
  "5": {
    "[60, 47, 34, 4]": {
      "2": 0.28793647239258835,
      "0": 0.7120635276074115
    }
  },
  "6": {
    "[31, 10, 27, 17, 23, 46, 19, 26]": {
      "2": 0.23712942880742585,
      "0": 0.5007662984465086,
      "3": 0.26210427274606546
    }
  },
  "7": {
    "[7, 9, 37, 3]": {
      "3": 0.3469065721284729,
      "1": 0.653093427871527
    }
  },
  "8": {
    "[23, 22, 51, 41, 48, 2, 39, 13, 31, 53]": {
      "0": 0.23386391455280894,
      "2": 0.4655193355458737,
      "1": 0.30061674990131737
    }
  },
  "9": {
    "[19, 15, 61, 14, 30, 62, 25]": {
      "0": 0.3044959128099111,
      "2": 0.6955040871900888
    }
  },
  "10": {
    "[22, 15, 32, 27, 21, 26, 55, 52, 61, 35, 58, 41, 37, 29]": {
      "1": 0.2358831896002935,
      "3": 0.47711700810890795,
      "0": 0.2869998022907985
    }
  },
  "11": {
    "[25, 39, 10, 6, 16, 26, 36, 4, 0]": {
      "0": 0.25208542574427284,
      "2": 0.48074058594253005,
      "1": 0.26717398831319716
    }
  },
  "12": {
    "[1, 49, 13, 14, 4, 46, 34]": {
      "2": 0.3625197057300559,
      "0": 0.6374802942699442
    }
  },
  "13": {
    "[14, 60, 44, 63, 59]": {
      "2": 0.5857012215022911,
      "0": 0.41429877849770896
    }
  },
  "14": {
    "[4, 17, 51, 32, 50, 59, 0, 54, 10, 29]": {
      "0": 0.21014042926957632,
      "2": 0.4097055493750715,
      "1": 0.3801540213553521
    }
  },
  "15": {
    "[50, 12, 18, 14, 45, 47, 46, 10, 13, 11, 37]": {
      "0": 0.23556554890231107,
      "3": 0.3841632509267619,
      "2": 0.380271200170927
    }
  }
}