{
  "vanilla_placement": {
    "gpu": {
      "mean": 61184.0,
      "var": 184778142.125,
      "std": 12675.39526263043,
      "max": 79570.4375,
      "min": 46660.0625
    },
    "node": {
      "mean": 122368.0,
      "var": 331447496.625,
      "std": 14827.0,
      "max": 137195.0,
      "min": 107541.0
    }
  },
  "sonnet_occult_placement": {
    "gpu": {
      "mean": 61184.0,
      "var": 1498733082.25,
      "std": 37826.1569536232,
      "max": 119820.0,
      "min": 23922.375
    },
    "node": {
      "mean": 122368.0,
      "var": 3022076602.0625,
      "std": 53309.8125,
      "max": 175677.8125,
      "min": 69058.1875
    }
  },
  "sonnet_occult_multi_placement": {
    "gpu": {
      "mean": 61184.0,
      "var": 1570330047.59375,
      "std": 38669.392066933215,
      "max": 120136.4375,
      "min": 20016.0
    },
    "node": {
      "mean": 122368.0,
      "var": 3277781330.3125,
      "std": 52888.5625,
      "max": 175256.5625,
      "min": 69479.4375
    }
  },
  "sonnet_occult_multi_repli_act_placement": {
    "gpu": {
      "mean": 61184.0,
      "var": 194350639.21875,
      "std": 13634.253929106588,
      "max": 77145.125,
      "min": 42007.125
    },
    "node": {
      "mean": 122368.0,
      "var": 509052553.5,
      "std": 20908.0,
      "max": 143276.0,
      "min": 101460.0
    }
  },
  "sonnet_spectral_even_placement": {
    "gpu": {
      "mean": 61184.0,
      "var": 1048645556.5,
      "std": 30918.66890355524,
      "max": 105028.9375,
      "min": 24792.1875
    },
    "node": {
      "mean": 122368.0,
      "var": 1678867806.4375,
      "std": 33324.0625,
      "max": 155692.0625,
      "min": 89043.9375
    }
  },
  "sonnet_spectral_even_multi_placement": {
    "gpu": {
      "mean": 61184.0,
      "var": 1115967437.0,
      "std": 31309.870917549015,
      "max": 104258.375,
      "min": 20635.75
    },
    "node": {
      "mean": 122368.0,
      "var": 1809439657.0625,
      "std": 38025.4375,
      "max": 160393.4375,
      "min": 84342.5625
    }
  },
  "sonnet_spectral_even_multi_repli_act_placement": {
    "gpu": {
      "mean": 61184.0,
      "var": 194978103.59375,
      "std": 13387.41577063801,
      "max": 78318.375,
      "min": 42690.625
    },
    "node": {
      "mean": 122368.0,
      "var": 492427779.0625,
      "std": 20728.3125,
      "max": 143096.3125,
      "min": 101639.6875
    }
  },
  "sonnet_spectral_uneven_placement": {
    "gpu": {
      "mean": 61184.0,
      "var": 1652975727.90625,
      "std": 38759.442507503074,
      "max": 118571.5,
      "min": 18506.5625
    },
    "node": {
      "mean": 122368.0,
      "var": 1656371451.0,
      "std": 32616.625,
      "max": 154984.625,
      "min": 89751.375
    }
  },
  "sonnet_spectral_uneven_multi_placement": {
    "gpu": {
      "mean": 61184.0,
      "var": 2338653828.75,
      "std": 44751.531255107424,
      "max": 133442.375,
      "min": 19194.3125
    },
    "node": {
      "mean": 122368.0,
      "var": 3439403840.875,
      "std": 53935.75,
      "max": 176303.75,
      "min": 68432.25
    }
  },
  "sonnet_spectral_uneven_multi_repli_act_placement": {
    "gpu": {
      "mean": 61184.0,
      "var": 478687752.875,
      "std": 21044.88836618342,
      "max": 93489.0,
      "min": 39628.0
    },
    "node": {
      "mean": 122368.0,
      "var": 1049778907.75,
      "std": 30510.0,
      "max": 152878.0,
      "min": 91858.0
    }
  }
}