{
  "batch_0": {
    "encoder_total_ms": 1100.1856,
    "decoder_total_ms": 581.6675144508669,
    "total_latency_ms": 1681.853114450867
  },
  "batch_1": {
    "encoder_total_ms": 1159.9872,
    "decoder_total_ms": 594.5095398843931,
    "total_latency_ms": 1754.4967398843933
  },
  "batch_2": {
    "encoder_total_ms": 948.2239999999999,
    "decoder_total_ms": 417.19772485549146,
    "total_latency_ms": 1365.4217248554914
  },
  "batch_3": {
    "encoder_total_ms": 1010.0736,
    "decoder_total_ms": 419.83763236994236,
    "total_latency_ms": 1429.9112323699424
  },
  "batch_4": {
    "encoder_total_ms": 1175.1424000000002,
    "decoder_total_ms": 571.7518797687859,
    "total_latency_ms": 1746.894279768786
  },
  "batch_5": {
    "encoder_total_ms": 1170.2271999999998,
    "decoder_total_ms": 581.4307514450866,
    "total_latency_ms": 1751.6579514450864
  },
  "batch_6": {
    "encoder_total_ms": 945.7664,
    "decoder_total_ms": 415.79845549132955,
    "total_latency_ms": 1361.5648554913296
  },
  "batch_7": {
    "encoder_total_ms": 961.3312000000001,
    "decoder_total_ms": 410.8027560693642,
    "total_latency_ms": 1372.1339560693643
  },
  "total_inter_gpu_latency_ms": 434.21388208092554,
  "total_inter_node_latency_ms": 12434.636800000013
}