{
  "vanilla_placement": {
    "gpu": {
      "mean": 978944,
      "var": 8024657123.5,
      "std": 89580.45056539959,
      "max": 1107406,
      "min": 872745
    },
    "node": {
      "mean": 1957888,
      "var": 26387403364.0,
      "std": 162442.0,
      "max": 2120330,
      "min": 1795446
    }
  },
  "sonnet_occult_placement": {
    "gpu": {
      "mean": 978944,
      "var": 302710295885.5,
      "std": 550191.1448628558,
      "max": 1892982,
      "min": 489708
    },
    "node": {
      "mean": 1957888,
      "var": 727535643849.0,
      "std": 852957.0,
      "max": 2810845,
      "min": 1104931
    }
  },
  "sonnet_occult_multi_placement": {
    "gpu": {
      "mean": 978944,
      "var": 311230788387.5,
      "std": 557880.6219860123,
      "max": 1895861,
      "min": 386097
    },
    "node": {
      "mean": 1957888,
      "var": 585351996889.0,
      "std": 765083.0,
      "max": 2722971,
      "min": 1192805
    }
  },
  "sonnet_occult_multi_repli_act_placement": {
    "gpu": {
      "mean": 978944,
      "var": 39252040779.5,
      "std": 198121.27795746725,
      "max": 1192346,
      "min": 700659
    },
    "node": {
      "mean": 1957888,
      "var": 14282640100.0,
      "std": 119510.0,
      "max": 2077398,
      "min": 1838378
    }
  },
  "sonnet_occult_multi_repli_collab_placement": {
    "gpu": {
      "mean": 978944,
      "var": 266780297481.5,
      "std": 516507.79033960367,
      "max": 1839378,
      "min": 462053
    },
    "node": {
      "mean": 1957888,
      "var": 498152228401.0,
      "std": 705799.0,
      "max": 2663687,
      "min": 1252089
    }
  },
  "sonnet_spectral_even_placement": {
    "gpu": {
      "mean": 978944,
      "var": 39235871198.5,
      "std": 198080.46647385502,
      "max": 1244458,
      "min": 697110
    },
    "node": {
      "mean": 1957888,
      "var": 110446552225.0,
      "std": 332335.0,
      "max": 2290223,
      "min": 1625553
    }
  },
  "sonnet_spectral_even_multi_placement": {
    "gpu": {
      "mean": 978944,
      "var": 94495326723.5,
      "std": 307400.9218000167,
      "max": 1488111,
      "min": 709456
    },
    "node": {
      "mean": 1957888,
      "var": 57446023041.0,
      "std": 239679.0,
      "max": 2197567,
      "min": 1718209
    }
  },
  "sonnet_spectral_even_multi_repli_act_placement": {
    "gpu": {
      "mean": 978944,
      "var": 32265273936.5,
      "std": 179625.37108242812,
      "max": 1137852,
      "min": 683731
    },
    "node": {
      "mean": 1957888,
      "var": 82806393121.0,
      "std": 287761.0,
      "max": 2245649,
      "min": 1670127
    }
  },
  "sonnet_spectral_even_multi_repli_collab_placement": {
    "gpu": {
      "mean": 978944,
      "var": 39858798440.0,
      "std": 199646.6840195449,
      "max": 1276988,
      "min": 718952
    },
    "node": {
      "mean": 1957888,
      "var": 97856352400.0,
      "std": 312820.0,
      "max": 2270708,
      "min": 1645068
    }
  },
  "sonnet_spectral_uneven_placement": {
    "gpu": {
      "mean": 978944,
      "var": 77167336618.5,
      "std": 277790.0945291246,
      "max": 1351219,
      "min": 568837
    },
    "node": {
      "mean": 1957888,
      "var": 1431260224.0,
      "std": 37832.0,
      "max": 1995720,
      "min": 1920056
    }
  },
  "sonnet_spectral_uneven_multi_placement": {
    "gpu": {
      "mean": 978944,
      "var": 151190541957.5,
      "std": 388832.2799839283,
      "max": 1548642,
      "min": 518255
    },
    "node": {
      "mean": 1957888,
      "var": 114976602724.0,
      "std": 339082.0,
      "max": 2296970,
      "min": 1618806
    }
  },
  "sonnet_spectral_uneven_multi_repli_act_placement": {
    "gpu": {
      "mean": 978944,
      "var": 89840370363.5,
      "std": 299733.8325306304,
      "max": 1427254,
      "min": 619880
    },
    "node": {
      "mean": 1957888,
      "var": 266810472369.0,
      "std": 516537.0,
      "max": 2474425,
      "min": 1441351
    }
  },
  "sonnet_spectral_uneven_multi_repli_collab_placement": {
    "gpu": {
      "mean": 978944,
      "var": 76237531211.0,
      "std": 276111.447084325,
      "max": 1390829,
      "min": 650181
    },
    "node": {
      "mean": 1957888,
      "var": 229749579684.0,
      "std": 479322.0,
      "max": 2437210,
      "min": 1478566
    }
  }
}