{
  "vanilla_placement": {
    "gpu": {
      "mean": 61184.0,
      "var": 184778142.125,
      "std": 12675.39526263043,
      "max": 79570.4375,
      "min": 46660.0625
    },
    "node": {
      "mean": 122368.0,
      "var": 331447496.625,
      "std": 14827.0,
      "max": 137195.0,
      "min": 107541.0
    }
  },
  "sonnet_occult_placement": {
    "gpu": {
      "mean": 61184.0,
      "var": 1498733082.25,
      "std": 37826.1569536232,
      "max": 119820.0,
      "min": 23922.375
    },
    "node": {
      "mean": 122368.0,
      "var": 3022076602.0625,
      "std": 53309.8125,
      "max": 175677.8125,
      "min": 69058.1875
    }
  },
  "sonnet_occult_multi_placement": {
    "gpu": {
      "mean": 61184.0,
      "var": 1570330047.59375,
      "std": 38669.392066933215,
      "max": 120136.4375,
      "min": 20016.0
    },
    "node": {
      "mean": 122368.0,
      "var": 3277781330.3125,
      "std": 52888.5625,
      "max": 175256.5625,
      "min": 69479.4375
    }
  },
  "sonnet_occult_multi_repli_act_placement": {
    "gpu": {
      "mean": 61184.0,
      "var": 461405393.65625,
      "std": 20938.183929360268,
      "max": 85631.5625,
      "min": 29839.75
    },
    "node": {
      "mean": 122368.0,
      "var": 868333971.125,
      "std": 26450.5,
      "max": 148818.5,
      "min": 95917.5
    }
  },
  "sonnet_occult_multi_repli_collab_placement": {
    "gpu": {
      "mean": 61184.0,
      "var": 1362414146.125,
      "std": 35882.25913474617,
      "max": 116292.875,
      "min": 24475.375
    },
    "node": {
      "mean": 122368.0,
      "var": 2776825302.6875,
      "std": 48354.3125,
      "max": 170722.3125,
      "min": 74013.6875
    }
  },
  "sonnet_spectral_even_placement": {
    "gpu": {
      "mean": 61184.0,
      "var": 1048645556.5,
      "std": 30918.66890355524,
      "max": 105028.9375,
      "min": 24792.1875
    },
    "node": {
      "mean": 122368.0,
      "var": 1678867806.4375,
      "std": 33324.0625,
      "max": 155692.0625,
      "min": 89043.9375
    }
  },
  "sonnet_spectral_even_multi_placement": {
    "gpu": {
      "mean": 61184.0,
      "var": 1115967437.0,
      "std": 31309.870917549015,
      "max": 104258.375,
      "min": 20635.75
    },
    "node": {
      "mean": 122368.0,
      "var": 1809439657.0625,
      "std": 38025.4375,
      "max": 160393.4375,
      "min": 84342.5625
    }
  },
  "sonnet_spectral_even_multi_repli_act_placement": {
    "gpu": {
      "mean": 61184.0,
      "var": 454379623.84375,
      "std": 20809.694725199886,
      "max": 83987.0625,
      "min": 30034.8125
    },
    "node": {
      "mean": 122368.0,
      "var": 663720487.1875,
      "std": 22661.8125,
      "max": 145029.8125,
      "min": 99706.1875
    }
  },
  "sonnet_spectral_even_multi_repli_collab_placement": {
    "gpu": {
      "mean": 61184.0,
      "var": 972599586.9375,
      "std": 29073.456148965495,
      "max": 102251.625,
      "min": 24327.125
    },
    "node": {
      "mean": 122368.0,
      "var": 1567900824.375,
      "std": 35101.5,
      "max": 157469.5,
      "min": 87266.5
    }
  },
  "sonnet_spectral_uneven_placement": {
    "gpu": {
      "mean": 61184.0,
      "var": 1652975727.90625,
      "std": 38759.442507503074,
      "max": 118571.5,
      "min": 18506.5625
    },
    "node": {
      "mean": 122368.0,
      "var": 1656371451.0,
      "std": 32616.625,
      "max": 154984.625,
      "min": 89751.375
    }
  },
  "sonnet_spectral_uneven_multi_placement": {
    "gpu": {
      "mean": 61184.0,
      "var": 2338653828.75,
      "std": 44751.531255107424,
      "max": 133442.375,
      "min": 19194.3125
    },
    "node": {
      "mean": 122368.0,
      "var": 3439403840.875,
      "std": 53935.75,
      "max": 176303.75,
      "min": 68432.25
    }
  },
  "sonnet_spectral_uneven_multi_repli_act_placement": {
    "gpu": {
      "mean": 61184.0,
      "var": 1023665301.0625,
      "std": 30583.631576941858,
      "max": 107137.0625,
      "min": 28369.0625
    },
    "node": {
      "mean": 122368.0,
      "var": 1654686867.1875,
      "std": 37772.4375,
      "max": 160140.4375,
      "min": 84595.5625
    }
  },
  "sonnet_spectral_uneven_multi_repli_collab_placement": {
    "gpu": {
      "mean": 61184.0,
      "var": 2087700533.4375,
      "std": 42131.583511613964,
      "max": 128113.1875,
      "min": 19625.25
    },
    "node": {
      "mean": 122368.0,
      "var": 3385029034.0,
      "std": 53642.5,
      "max": 176010.5,
      "min": 68725.5
    }
  }
}