{
  "0": {
    "[6, 28, 41, 56, 5, 3, 62, 12, 48, 1]": {
      "1": 0.3325941367069219,
      "3": 0.3366542990835772,
      "0": 0.33075156420950097
    }
  },
  "1": {
    "[5, 1, 45, 37, 21, 50, 42, 40, 4]": {
      "0": 0.4941295649829953,
      "3": 0.5058704350170047
    }
  },
  "2": {
    "[10, 62, 3, 23, 20]": {
      "0": 0.28622251820810857,
      "3": 0.7137774817918914
    }
  },
  "3": {
    "[6, 54, 23, 30, 37]": {
      "1": 0.3881352002657336,
      "3": 0.6118647997342663
    }
  },
  "4": {
    "[43, 61, 2, 42, 48]": {
      "0": 0.4240735204790003,
      "1": 0.5759264795209997
    }
  },
  "5": {
    "[60, 47, 34, 50, 4]": {
      "3": 0.27975167144604063,
      "1": 0.7202483285539594
    }
  },
  "6": {
    "[31, 10, 27, 17, 23, 46, 26, 4]": {
      "3": 0.25449528474398486,
      "1": 0.5186409398509881,
      "2": 0.226863775405027
    }
  },
  "7": {
    "[7, 54, 37, 40]": {
      "2": 0.2995928331542585,
      "1": 0.7004071668457416
    }
  },
  "8": {
    "[23, 22, 41, 2, 39, 13]": {
      "0": 0.29308079790782865,
      "3": 0.7069192020921714
    }
  },
  "9": {
    "[19, 15, 61, 14, 30, 62, 25, 1]": {
      "0": 0.29669240484394527,
      "3": 0.7033075951560548
    }
  },
  "10": {
    "[22, 15, 32, 27, 21, 26, 55, 52, 61, 35, 58, 41, 37, 29]": {
      "1": 0.24136711841078667,
      "3": 0.4953768393665301,
      "0": 0.2632560422226833
    }
  },
  "11": {
    "[25, 39, 10, 6, 16, 26, 36, 4, 0, 30]": {
      "0": 0.2466989342205457,
      "3": 0.5078405429581786,
      "1": 0.24546052282127565
    }
  },
  "12": {
    "[1, 49, 13, 14, 4, 46, 34]": {
      "2": 0.32046439832139284,
      "1": 0.6795356016786072
    }
  },
  "13": {
    "[14, 60, 44, 63, 59]": {
      "3": 0.5799795810815442,
      "0": 0.42002041891845576
    }
  },
  "14": {
    "[4, 17, 51, 32, 50, 59, 0, 54, 10, 29]": {
      "1": 0.21087260557488616,
      "3": 0.44121194703263966,
      "0": 0.34791544739247426
    }
  },
  "15": {
    "[50, 12, 18, 14, 45, 47, 46, 10, 13, 11, 37]": {
      "0": 0.2195041370458146,
      "3": 0.4148285485355785,
      "2": 0.3656673144186069
    }
  }
}