{
  "0": {
    "[6, 28, 41, 56, 5, 3, 62, 12, 48, 1]": {
      "0": 0.32721932001938114,
      "3": 0.347173556455389,
      "2": 0.32560712352522986
    }
  },
  "1": {
    "[5, 1, 45, 37, 21, 50, 42, 40, 4]": {
      "1": 0.46904251636848443,
      "2": 0.5309574836315156
    }
  },
  "2": {
    "[10, 7, 62, 3, 37, 23, 20, 0, 56, 34, 38, 26, 41]": {
      "0": 0.2139518008922177,
      "2": 0.46811765223285845,
      "1": 0.3179305468749239
    }
  },
  "3": {
    "[6, 54, 23, 30, 37]": {
      "1": 0.38046153627441115,
      "3": 0.6195384637255887
    }
  },
  "4": {
    "[43, 61, 2, 42, 48]": {
      "0": 0.4211092586863928,
      "1": 0.5788907413136071
    }
  },
  "5": {
    "[60, 47, 34, 50, 4]": {
      "2": 0.28396326549847317,
      "1": 0.7160367345015268
    }
  },
  "6": {
    "[31, 10, 27, 17, 23, 46, 26, 4]": {
      "2": 0.2481849035704414,
      "0": 0.5238637239880601,
      "3": 0.2279513724414985
    }
  },
  "7": {
    "[7, 9, 37, 3]": {
      "2": 0.3018208174617899,
      "1": 0.6981791825382101
    }
  },
  "8": {
    "[23, 22, 41, 2, 39, 13]": {
      "1": 0.2821707805669719,
      "3": 0.717829219433028
    }
  },
  "9": {
    "[19, 15, 61, 14, 30, 62, 25]": {
      "1": 0.2905075482723558,
      "3": 0.7094924517276443
    }
  },
  "10": {
    "[22, 15, 32, 27, 21, 26, 55, 52, 61, 35, 58, 41, 37, 29, 49, 14]": {
      "1": 0.22646443499469593,
      "3": 0.4946870913088414,
      "0": 0.2788484736964626
    }
  },
  "11": {
    "[25, 39, 10, 6, 16, 26, 36, 4, 0]": {
      "1": 0.2309431224364024,
      "3": 0.5362092480731111,
      "0": 0.23284762949048646
    }
  },
  "12": {
    "[1, 49, 13, 14, 4, 46, 34]": {
      "3": 0.29341084308758086,
      "0": 0.7065891569124192
    }
  },
  "13": {
    "[14, 60, 44, 63, 59]": {
      "2": 0.5774920993773982,
      "1": 0.42250790062260185
    }
  },
  "14": {
    "[4, 17, 51, 32, 50, 59, 0, 54, 10, 29, 34, 16, 21, 57, 15, 53]": {
      "0": 0.17820110732606562,
      "2": 0.33968228946861373,
      "1": 0.2902922418268249,
      "3": 0.19182436137849582
    }
  },
  "15": {
    "[50, 12, 18, 14, 45, 47, 46, 10, 13, 11, 37, 55, 2, 4, 62, 24]": {
      "0": 0.18462713951055199,
      "3": 0.3476133451897545,
      "2": 0.2634266317790989,
      "1": 0.2043328835205945
    }
  }
}