{
  "vanilla_placement": {
    "gpu": {
      "mean": 61184.0,
      "var": 184778142.125,
      "std": 12675.39526263043,
      "max": 79570.4375,
      "min": 46660.0625
    },
    "node": {
      "mean": 122368.0,
      "var": 331447496.625,
      "std": 14827.0,
      "max": 137195.0,
      "min": 107541.0
    }
  },
  "sonnet_spectral_uneven_multi_repli_group_several_formula_topology_placement": {
    "gpu": {
      "mean": 61184.0,
      "var": 221916218.1875,
      "std": 14049.027695453027,
      "max": 80273.25,
      "min": 43209.875
    },
    "node": {
      "mean": 122368.0,
      "var": 225041703.0625,
      "std": 13827.1875,
      "max": 136195.1875,
      "min": 108540.8125
    }
  },
  "sonnet_spectral_uneven_multi_repli_group_several_part_of_topology_placement": {
    "gpu": {
      "mean": 61184.0,
      "var": 238504042.8125,
      "std": 14682.365741173107,
      "max": 82476.875,
      "min": 43586.8125
    },
    "node": {
      "mean": 122368.0,
      "var": 268231945.5625,
      "std": 13602.0625,
      "max": 135970.0625,
      "min": 108765.9375
    }
  },
  "gpu1_multi_part_of_topology_placement": {
    "gpu": {
      "mean": 61184.0,
      "var": 248716432.125,
      "std": 14722.724622788879,
      "max": 80468.4375,
      "min": 41889.125
    },
    "node": {
      "mean": 122368.0,
      "var": 351608807.0,
      "std": 16781.75,
      "max": 139149.75,
      "min": 105586.25
    }
  },
  "gpu2_multi_part_of_topology_placement": {
    "gpu": {
      "mean": 61184.0,
      "var": 262664237.4375,
      "std": 15050.846993010367,
      "max": 81280.8125,
      "min": 41694.1875
    },
    "node": {
      "mean": 122368.0,
      "var": 313823091.6875,
      "std": 15472.6875,
      "max": 137840.6875,
      "min": 106895.3125
    }
  },
  "gpu3_multi_part_of_topology_placement": {
    "gpu": {
      "mean": 61184.0,
      "var": 262356743.40625,
      "std": 14892.827889414864,
      "max": 81074.5,
      "min": 42058.9375
    },
    "node": {
      "mean": 122368.0,
      "var": 281017280.8125,
      "std": 14285.9375,
      "max": 136653.9375,
      "min": 108082.0625
    }
  },
  "gpu4_multi_part_of_topology_placement": {
    "gpu": {
      "mean": 61184.0,
      "var": 277679602.03125,
      "std": 15185.920529134846,
      "max": 81567.4375,
      "min": 42112.8125
    },
    "node": {
      "mean": 122368.0,
      "var": 273165695.5,
      "std": 14046.375,
      "max": 136414.375,
      "min": 108321.625
    }
  },
  "gpu5_multi_part_of_topology_placement": {
    "gpu": {
      "mean": 61184.0,
      "var": 281253948.90625,
      "std": 15317.864200578304,
      "max": 81386.125,
      "min": 42161.125
    },
    "node": {
      "mean": 122368.0,
      "var": 250125147.25,
      "std": 13387.125,
      "max": 135755.125,
      "min": 108980.875
    }
  },
  "gpu6_multi_part_of_topology_placement": {
    "gpu": {
      "mean": 61184.0,
      "var": 224056171.5625,
      "std": 14224.135898520954,
      "max": 79002.6875,
      "min": 42428.5
    },
    "node": {
      "mean": 122368.0,
      "var": 214753908.6875,
      "std": 12833.4375,
      "max": 135201.4375,
      "min": 109534.5625
    }
  }
}