{
  "0": {
    "[6, 28, 41, 56]": {
      "0": 0.35260154067019644,
      "3": 0.6473984593298034
    }
  },
  "1": {
    "[5, 1, 45, 37, 21, 50, 42, 40]": {
      "1": 0.5078125593441885,
      "3": 0.4921874406558116
    }
  },
  "2": {
    "[10, 62, 3, 23, 20]": {
      "0": 0.3303740594411596,
      "3": 0.6696259405588403
    }
  },
  "3": {
    "[6, 54, 23, 30, 37]": {
      "1": 0.40587159281518087,
      "3": 0.5941284071848191
    }
  },
  "4": {
    "[43, 61, 2, 42, 48]": {
      "0": 0.43320141597750383,
      "1": 0.5667985840224963
    }
  },
  "5": {
    "[60, 47, 34, 4]": {
      "2": 0.3017112005892805,
      "0": 0.6982887994107194
    }
  },
  "6": {
    "[31, 10, 27, 17, 23, 46, 19, 26]": {
      "2": 0.25546017638888874,
      "0": 0.4932782982698749,
      "3": 0.25126152534123636
    }
  },
  "7": {
    "[7, 9, 37, 3]": {
      "3": 0.3469065721284729,
      "1": 0.653093427871527
    }
  },
  "8": {
    "[23, 22, 51, 41, 48, 2, 39, 13, 31]": {
      "0": 0.25282024571862083,
      "2": 0.47480361966635143,
      "1": 0.2723761346150278
    }
  },
  "9": {
    "[19, 15, 61, 14, 30, 62]": {
      "0": 0.3269710866016224,
      "2": 0.6730289133983776
    }
  },
  "10": {
    "[22, 15, 32, 27, 21, 26]": {
      "1": 0.3244352835860644,
      "3": 0.6755647164139357
    }
  },
  "11": {
    "[25, 39, 10, 6, 16, 26, 36, 4]": {
      "0": 0.26956043167552646,
      "2": 0.4935347208417129,
      "1": 0.23690484748276064
    }
  },
  "12": {
    "[1, 49, 13, 14, 4, 46, 34]": {
      "2": 0.3625197057300559,
      "0": 0.6374802942699442
    }
  },
  "13": {
    "[14, 60, 44, 63, 59]": {
      "2": 0.5830628528216296,
      "0": 0.41693714717837027
    }
  },
  "14": {
    "[4, 17, 51, 32, 50, 59, 0, 54]": {
      "0": 0.24868084138298902,
      "2": 0.45017584630933766,
      "1": 0.30114331230767344
    }
  },
  "15": {
    "[50, 12, 18, 14, 45, 47, 46, 10, 13]": {
      "0": 0.24682548296844525,
      "2": 0.3781274144950553,
      "3": 0.3750471025364994
    }
  }
}