{
  "gpus": {
    "0": {
      "token_num": 6445.0,
      "bytes": 19799040.0,
      "KB": 19335.0,
      "MB": 18.8818359375
    },
    "1": {
      "token_num": 4782.0,
      "bytes": 14690304.0,
      "KB": 14346.0,
      "MB": 14.009765625
    },
    "2": {
      "token_num": 18885.0,
      "bytes": 58014720.0,
      "KB": 56655.0,
      "MB": 55.3271484375
    },
    "3": {
      "token_num": 30818.0,
      "bytes": 94672896.0,
      "KB": 92454.0,
      "MB": 90.287109375
    }
  },
  "nodes": {
    "0": {
      "token_num": 11227.0,
      "bytes": 34489344.0,
      "KB": 33681.0,
      "MB": 32.8916015625
    },
    "1": {
      "token_num": 49703.0,
      "bytes": 152687616.0,
      "KB": 149109.0,
      "MB": 145.6142578125
    }
  }
}