{
  "vanilla_placement": {
    "gpu": {
      "mean": 61184.0,
      "var": 184778142.125,
      "std": 12675.39526263043,
      "max": 79570.4375,
      "min": 46660.0625
    },
    "node": {
      "mean": 122368.0,
      "var": 331447496.625,
      "std": 14827.0,
      "max": 137195.0,
      "min": 107541.0
    }
  },
  "sonnet_spectral_even_multi_placement": {
    "gpu": {
      "mean": 61184.0,
      "var": 1115967437.0,
      "std": 31309.870917549015,
      "max": 104258.375,
      "min": 20635.75
    },
    "node": {
      "mean": 122368.0,
      "var": 1809439657.0625,
      "std": 38025.4375,
      "max": 160393.4375,
      "min": 84342.5625
    }
  },
  "sonnet_spectral_uneven_multi_placement": {
    "gpu": {
      "mean": 61184.0,
      "var": 2338653828.75,
      "std": 44751.531255107424,
      "max": 133442.375,
      "min": 19194.3125
    },
    "node": {
      "mean": 122368.0,
      "var": 3439403840.875,
      "std": 53935.75,
      "max": 176303.75,
      "min": 68432.25
    }
  },
  "sonnet_spectral_even_multi_repli_act_placement": {
    "gpu": {
      "mean": 61184.0,
      "var": 454379623.84375,
      "std": 20809.694725199886,
      "max": 83987.0625,
      "min": 30034.8125
    },
    "node": {
      "mean": 122368.0,
      "var": 663720487.1875,
      "std": 22661.8125,
      "max": 145029.8125,
      "min": 99706.1875
    }
  },
  "sonnet_spectral_uneven_multi_repli_act_placement": {
    "gpu": {
      "mean": 61184.0,
      "var": 1023665301.0625,
      "std": 30583.631576941858,
      "max": 107137.0625,
      "min": 28369.0625
    },
    "node": {
      "mean": 122368.0,
      "var": 1654686867.1875,
      "std": 37772.4375,
      "max": 160140.4375,
      "min": 84595.5625
    }
  },
  "sonnet_spectral_uneven_multi_repli_group_one_replica_weight_placement": {
    "gpu": {
      "mean": 61184.0,
      "var": 459864596.1875,
      "std": 18706.99789185836,
      "max": 80771.625,
      "min": 36311.6875
    },
    "node": {
      "mean": 122368.0,
      "var": 103510728.125,
      "std": 8861.25,
      "max": 131229.25,
      "min": 113506.75
    }
  },
  "sonnet_spectral_uneven_multi_repli_group_one_replica_topology_placement": {
    "gpu": {
      "mean": 61184.0,
      "var": 526303483.6875,
      "std": 20678.450647387614,
      "max": 87442.3125,
      "min": 35224.5625
    },
    "node": {
      "mean": 122368.0,
      "var": 225041703.0625,
      "std": 13827.1875,
      "max": 136195.1875,
      "min": 108540.8125
    }
  },
  "sonnet_spectral_uneven_multi_repli_group_several_maxmean_weight_placement": {
    "gpu": {
      "mean": 61184.0,
      "var": 120090858.21875,
      "std": 10016.93647262753,
      "max": 71270.625,
      "min": 46026.125
    },
    "node": {
      "mean": 122368.0,
      "var": 141229872.25,
      "std": 9920.375,
      "max": 132288.375,
      "min": 112447.625
    }
  },
  "sonnet_spectral_uneven_multi_repli_group_several_maxmean_topology_placement": {
    "gpu": {
      "mean": 61184.0,
      "var": 279552302.4375,
      "std": 15558.613412307312,
      "max": 82622.0,
      "min": 41191.5625
    },
    "node": {
      "mean": 122368.0,
      "var": 225041703.0625,
      "std": 13827.1875,
      "max": 136195.1875,
      "min": 108540.8125
    }
  },
  "sonnet_spectral_uneven_multi_repli_group_several_BWD_weight_placement": {
    "gpu": {
      "mean": 61184.0,
      "var": 153398227.0625,
      "std": 10805.948744340321,
      "max": 71404.9375,
      "min": 44256.4375
    },
    "node": {
      "mean": 122368.0,
      "var": 142402688.1875,
      "std": 9961.9375,
      "max": 132329.9375,
      "min": 112406.0625
    }
  },
  "sonnet_spectral_uneven_multi_repli_group_several_BWD_topology_placement": {
    "gpu": {
      "mean": 61184.0,
      "var": 295910347.875,
      "std": 15694.71715761849,
      "max": 81914.9375,
      "min": 40542.75
    },
    "node": {
      "mean": 122368.0,
      "var": 196099645.5,
      "std": 12952.25,
      "max": 135320.25,
      "min": 109415.75
    }
  },
  "sonnet_spectral_uneven_multi_repli_group_several_maxmin_weight_placement": {
    "gpu": {
      "mean": 61184.0,
      "var": 108331762.25,
      "std": 9591.339153025878,
      "max": 70781.9375,
      "min": 47539.25
    },
    "node": {
      "mean": 122368.0,
      "var": 188715141.9375,
      "std": 11329.9375,
      "max": 133697.9375,
      "min": 111038.0625
    }
  },
  "sonnet_spectral_uneven_multi_repli_group_several_maxmin_topology_placement": {
    "gpu": {
      "mean": 61184.0,
      "var": 346337258.4375,
      "std": 17335.03022792151,
      "max": 82887.125,
      "min": 37109.3125
    },
    "node": {
      "mean": 122368.0,
      "var": 434841787.25,
      "std": 16539.5,
      "max": 138907.5,
      "min": 105828.5
    }
  },
  "sonnet_spectral_uneven_multi_repli_group_several_round_weight_placement": {
    "gpu": {
      "mean": 61184.0,
      "var": 259814349.84375,
      "std": 14767.603594204404,
      "max": 75979.375,
      "min": 40030.125
    },
    "node": {
      "mean": 122368.0,
      "var": 138571346.375,
      "std": 10099.5,
      "max": 132467.5,
      "min": 112268.5
    }
  },
  "sonnet_spectral_uneven_multi_repli_group_several_round_topology_placement": {
    "gpu": {
      "mean": 61184.0,
      "var": 390339066.9375,
      "std": 18442.103551194166,
      "max": 87382.0625,
      "min": 38912.8125
    },
    "node": {
      "mean": 122368.0,
      "var": 225041703.0625,
      "std": 13827.1875,
      "max": 136195.1875,
      "min": 108540.8125
    }
  },
  "sonnet_spectral_uneven_multi_repli_group_several_seg_weight_placement": {
    "gpu": {
      "mean": 61184.0,
      "var": 89409287.84375,
      "std": 8497.23920950151,
      "max": 70932.5,
      "min": 49150.625
    },
    "node": {
      "mean": 122368.0,
      "var": 103536733.8125,
      "std": 8335.3125,
      "max": 130703.3125,
      "min": 114032.6875
    }
  },
  "sonnet_spectral_uneven_multi_repli_group_several_seg_topology_placement": {
    "gpu": {
      "mean": 61184.0,
      "var": 221909315.25,
      "std": 14048.741691927638,
      "max": 80273.25,
      "min": 43211.0625
    },
    "node": {
      "mean": 122368.0,
      "var": 225041703.0625,
      "std": 13827.1875,
      "max": 136195.1875,
      "min": 108540.8125
    }
  },
  "sonnet_spectral_uneven_multi_repli_group_several_seg_BWD_weight_placement": {
    "gpu": {
      "mean": 61184.0,
      "var": 122587392.0625,
      "std": 9287.506439315646,
      "max": 71068.75,
      "min": 47399.0
    },
    "node": {
      "mean": 122368.0,
      "var": 102950337.375,
      "std": 8276.625,
      "max": 130644.625,
      "min": 114091.375
    }
  },
  "sonnet_spectral_uneven_multi_repli_group_several_seg_BWD_topology_placement": {
    "gpu": {
      "mean": 61184.0,
      "var": 238313930.0,
      "std": 14186.772806726087,
      "max": 79566.1875,
      "min": 42554.3125
    },
    "node": {
      "mean": 122368.0,
      "var": 196099645.5,
      "std": 12952.25,
      "max": 135320.25,
      "min": 109415.75
    }
  },
  "sonnet_spectral_uneven_multi_repli_group_several_formula_weight_placement": {
    "gpu": {
      "mean": 61184.0,
      "var": 89235211.4375,
      "std": 8490.815301695577,
      "max": 70899.0,
      "min": 49117.1875
    },
    "node": {
      "mean": 122368.0,
      "var": 102410702.625,
      "std": 8311.25,
      "max": 130679.25,
      "min": 114056.75
    }
  },
  "sonnet_spectral_uneven_multi_repli_group_several_formula_topology_placement": {
    "gpu": {
      "mean": 61184.0,
      "var": 221878709.9375,
      "std": 14047.472339313967,
      "max": 80273.25,
      "min": 43216.375
    },
    "node": {
      "mean": 122368.0,
      "var": 225041703.0625,
      "std": 13827.1875,
      "max": 136195.1875,
      "min": 108540.8125
    }
  },
  "sonnet_spectral_uneven_multi_repli_group_several_part_of_weight_placement": {
    "gpu": {
      "mean": 61184.0,
      "var": 114581469.3125,