{
  "0": {
    "[6, 28, 41, 56, 5, 3, 62, 12, 48, 1]": {
      "1": 0.26464414862676044,
      "3": 0.44658079774064624,
      "0": 0.2887750536325934
    }
  },
  "1": {
    "[5, 1, 45, 37, 21, 50, 42, 40, 4]": {
      "0": 0.5057975556251113,
      "3": 0.4942024443748886
    }
  },
  "2": {
    "[10, 62, 3, 23, 20]": {
      "0": 0.31585011753116377,
      "3": 0.6841498824688362
    }
  },
  "3": {
    "[6, 54, 23, 30, 37]": {
      "1": 0.3881352002657336,
      "3": 0.6118647997342663
    }
  },
  "4": {
    "[43, 61, 2, 42, 48]": {
      "0": 0.4309114297978768,
      "1": 0.5690885702021232
    }
  },
  "5": {
    "[60, 47, 34, 4]": {
      "3": 0.30565059145030665,
      "1": 0.6943494085496933
    }
  },
  "6": {
    "[31, 10, 27, 17, 23, 46, 19, 26]": {
      "3": 0.23572688842567138,
      "1": 0.5087723979331507,
      "2": 0.25550071364117805
    }
  },
  "7": {
    "[7, 9, 37, 3]": {
      "2": 0.341572670961045,
      "1": 0.6584273290389551
    }
  },
  "8": {
    "[23, 22, 51, 41, 48, 2, 39, 13, 31, 53]": {
      "0": 0.2345085090228948,
      "3": 0.47034327431553674,
      "1": 0.29514821666156854
    }
  },
  "9": {
    "[19, 15, 61, 14, 30, 62, 25]": {
      "0": 0.30890568236669913,
      "3": 0.6910943176333009
    }
  },
  "10": {
    "[22, 15, 32, 27, 21, 26, 55]": {
      "0": 0.2855740452566252,
      "3": 0.7144259547433748
    }
  },
  "11": {
    "[25, 39, 10, 6, 16, 26, 36, 4, 0]": {
      "0": 0.25525866832104116,
      "3": 0.4908485489365578,
      "1": 0.253892782742401
    }
  },
  "12": {
    "[1, 49, 13, 14, 4, 46, 34]": {
      "3": 0.3625197057300559,
      "1": 0.6374802942699442
    }
  },
  "13": {
    "[14, 60, 44, 63, 59]": {
      "2": 0.5837093677685097,
      "0": 0.41629063223149027
    }
  },
  "14": {
    "[4, 17, 51, 32, 50, 59, 0, 54, 10]": {
      "0": 0.22459263322109463,
      "3": 0.4331920383653582,
      "1": 0.3422153284135472
    }
  },
  "15": {
    "[50, 12, 18, 14, 45, 47, 46, 10, 13, 11]": {
      "0": 0.2295163126152226,
      "3": 0.4128033554198918,
      "2": 0.3576803319648856
    }
  }
}