{
  "vanilla_placement": {
    "gpu": {
      "mean": 61184.0,
      "var": 184778142.125,
      "std": 12675.39526263043,
      "max": 79570.4375,
      "min": 46660.0625
    },
    "node": {
      "mean": 122368.0,
      "var": 331447496.625,
      "std": 14827.0,
      "max": 137195.0,
      "min": 107541.0
    }
  },
  "sonnet_spectral_uneven_multi_repli_group_several_formula_topology_placement": {
    "gpu": {
      "mean": 61184.0,
      "var": 221850669.875,
      "std": 14046.30749861699,
      "max": 80273.25,
      "min": 43221.3125
    },
    "node": {
      "mean": 122368.0,
      "var": 225041703.0625,
      "std": 13827.1875,
      "max": 136195.1875,
      "min": 108540.8125
    }
  },
  "sonnet_spectral_uneven_multi_repli_group_several_part_of_topology_placement": {
    "gpu": {
      "mean": 61184.0,
      "var": 238522430.6875,
      "std": 14683.113700157071,
      "max": 82476.875,
      "min": 43584.0625
    },
    "node": {
      "mean": 122368.0,
      "var": 268231945.5625,
      "std": 13602.0625,
      "max": 135970.0625,
      "min": 108765.9375
    }
  },
  "gpu1_multi_part_of_topology_placement": {
    "gpu": {
      "mean": 61184.0,
      "var": 224303487.03125,
      "std": 13698.063270954204,
      "max": 79263.1875,
      "min": 43956.125
    },
    "node": {
      "mean": 122368.0,
      "var": 265974766.0,
      "std": 13065.625,
      "max": 135433.625,
      "min": 109302.375
    }
  },
  "gpu2_multi_part_of_topology_placement": {
    "gpu": {
      "mean": 61184.0,
      "var": 212248974.125,
      "std": 13547.444740329323,
      "max": 78258.0625,
      "min": 43334.3125
    },
    "node": {
      "mean": 122368.0,
      "var": 240313845.9375,
      "std": 12547.5625,
      "max": 134915.5625,
      "min": 109820.4375
    }
  },
  "gpu25_multi_part_of_topology_placement": {
    "gpu": {
      "mean": 61184.0,
      "var": 343980729.09375,
      "std": 16572.68355688414,
      "max": 82686.1875,
      "min": 41256.3125
    },
    "node": {
      "mean": 122368.0,
      "var": 239972245.9375,
      "std": 12407.5625,
      "max": 134775.5625,
      "min": 109960.4375
    }
  },
  "gpu3_multi_part_of_topology_placement": {
    "gpu": {
      "mean": 61184.0,
      "var": 242955058.28125,
      "std": 14402.455724957064,
      "max": 79635.0,
      "min": 43308.875
    },
    "node": {
      "mean": 122368.0,
      "var": 230425448.375,
      "std": 11796.0,
      "max": 134164.0,
      "min": 110572.0
    }
  }
}