{
  "vanilla_placement": {
    "gpu": {
      "mean": 61184.0,
      "var": 184778142.125,
      "std": 12675.39526263043,
      "max": 79570.4375,
      "min": 46660.0625
    },
    "node": {
      "mean": 122368.0,
      "var": 331447496.625,
      "std": 14827.0,
      "max": 137195.0,
      "min": 107541.0
    }
  },
  "sonnet_spectral_even_multi_placement": {
    "gpu": {
      "mean": 61184.0,
      "var": 1115967437.0,
      "std": 31309.870917549015,
      "max": 104258.375,
      "min": 20635.75
    },
    "node": {
      "mean": 122368.0,
      "var": 1809439657.0625,
      "std": 38025.4375,
      "max": 160393.4375,
      "min": 84342.5625
    }
  },
  "sonnet_spectral_uneven_multi_placement": {
    "gpu": {
      "mean": 61184.0,
      "var": 2338653828.75,
      "std": 44751.531255107424,
      "max": 133442.375,
      "min": 19194.3125
    },
    "node": {
      "mean": 122368.0,
      "var": 3439403840.875,
      "std": 53935.75,
      "max": 176303.75,
      "min": 68432.25
    }
  },
  "sonnet_spectral_even_multi_repli_act_placement": {
    "gpu": {
      "mean": 61184.0,
      "var": 454379623.84375,
      "std": 20809.694725199886,
      "max": 83987.0625,
      "min": 30034.8125
    },
    "node": {
      "mean": 122368.0,
      "var": 663720487.1875,
      "std": 22661.8125,
      "max": 145029.8125,
      "min": 99706.1875
    }
  },
  "sonnet_spectral_uneven_multi_repli_act_placement": {
    "gpu": {
      "mean": 61184.0,
      "var": 1023665301.0625,
      "std": 30583.631576941858,
      "max": 107137.0625,
      "min": 28369.0625
    },
    "node": {
      "mean": 122368.0,
      "var": 1654686867.1875,
      "std": 37772.4375,
      "max": 160140.4375,
      "min": 84595.5625
    }
  },
  "sonnet_spectral_uneven_multi_repli_group_weight_placement": {
    "gpu": {
      "mean": 61184.0,
      "var": 460018892.46875,
      "std": 18714.67925186329,
      "max": 80795.9375,
      "min": 36313.0
    },
    "node": {
      "mean": 122368.0,
      "var": 103712300.375,
      "std": 8894.0,
      "max": 131262.0,
      "min": 113474.0
    }
  },
  "sonnet_spectral_uneven_multi_repli_group_topology_placement": {
    "gpu": {
      "mean": 61184.0,
      "var": 526353587.5,
      "std": 20680.533413594454,
      "max": 87442.3125,
      "min": 35215.6875
    },
    "node": {
      "mean": 122368.0,
      "var": 225041703.0625,
      "std": 13827.1875,
      "max": 136195.1875,
      "min": 108540.8125
    }
  },
  "sonnet_spectral_uneven_multi_repli_group_several_weight_placement": {
    "gpu": {
      "mean": 61184.0,
      "var": 120353714.71875,
      "std": 10032.293037477957,
      "max": 71327.75,
      "min": 45995.9375
    },
    "node": {
      "mean": 122368.0,
      "var": 142741336.875,
      "std": 10037.5,
      "max": 132405.5,
      "min": 112330.5
    }
  },
  "sonnet_spectral_uneven_multi_repli_group_several_topology_placement": {
    "gpu": {
      "mean": 61184.0,
      "var": 279497407.125,
      "std": 15556.340934374986,
      "max": 82622.0,
      "min": 41200.9375
    },
    "node": {
      "mean": 122368.0,
      "var": 225041703.0625,
      "std": 13827.1875,
      "max": 136195.1875,
      "min": 108540.8125
    }
  },
  "sonnet_spectral_uneven_multi_repli_group_several_maxmin_weight_placement": {
    "gpu": {
      "mean": 61184.0,
      "var": 108637753.90625,
      "std": 9599.492394957673,
      "max": 70788.5,
      "min": 47567.1875
    },
    "node": {
      "mean": 122368.0,
      "var": 191397690.6875,
      "std": 11372.5625,
      "max": 133740.5625,
      "min": 110995.4375
    }
  },
  "sonnet_spectral_uneven_multi_repli_group_several_maxmin_topology_placement": {
    "gpu": {
      "mean": 61184.0,
      "var": 346337258.4375,
      "std": 17335.03022792151,
      "max": 82887.125,
      "min": 37109.3125
    },
    "node": {
      "mean": 122368.0,
      "var": 434841787.25,
      "std": 16539.5,
      "max": 138907.5,
      "min": 105828.5
    }
  }
}