{
  "0": {
    "[6, 28, 41, 56]": {
      "0": 0.38905687225029933,
      "3": 0.6109431277497006
    }
  },
  "1": {
    "[5, 1, 45, 37, 21, 50, 42]": {
      "0": 0.5254355732727881,
      "2": 0.4745644267272118
    }
  },
  "2": {
    "[10, 7, 62, 3]": {
      "0": 0.32998112981743877,
      "2": 0.6700188701825613
    }
  },
  "3": {
    "[6, 54, 23, 30, 37]": {
      "0": 0.4155448006718439,
      "2": 0.584455199328156
    }
  },
  "4": {
    "[43, 61, 2, 42, 48]": {
      "0": 0.38349537188296884,
      "1": 0.6165046281170312
    }
  },
  "5": {
    "[60, 34, 4, 7]": {
      "3": 0.35115220299807637,
      "1": 0.6488477970019235
    }
  },
  "6": {
    "[31, 10, 27, 17, 23, 46, 19]": {
      "2": 0.26562155302737056,
      "1": 0.48135530682439615,
      "3": 0.2530231401482334
    }
  },
  "7": {
    "[54, 37, 40, 28, 20]": {
      "3": 0.36260288397776624,
      "1": 0.6373971160222337
    }
  },
  "8": {
    "[23, 22, 51, 41, 48, 2, 39, 13, 31]": {
      "0": 0.2759473733245038,
      "2": 0.454088769244497,
      "1": 0.2699638574309992
    }
  },
  "9": {
    "[19, 15, 61, 14, 30, 62]": {
      "0": 0.351403905190688,
      "3": 0.6485960948093119
    }
  },
  "10": {
    "[22, 15, 32, 27, 21]": {
      "1": 0.34268752422501697,
      "3": 0.657312475774983
    }
  },
  "11": {
    "[25, 39, 10, 6, 16]": {
      "0": 0.3390206071374035,
      "3": 0.6609793928625964
    }
  },
  "12": {
    "[1, 49, 13, 14, 4, 46]": {
      "2": 0.3620212294357718,
      "1": 0.6379787705642281
    }
  },
  "13": {
    "[14, 60, 44, 63, 59]": {
      "3": 0.5880788576039101,
      "0": 0.41192114239608985
    }
  },
  "14": {
    "[4, 17, 51, 32, 50, 59, 0]": {
      "0": 0.25367658587033465,
      "3": 0.4565836030577432,
      "1": 0.28973981107192215
    }
  },
  "15": {
    "[50, 12, 18, 14, 45, 47, 46, 10]": {
      "0": 0.25404222071991617,
      "3": 0.37438022867365395,
      "2": 0.37157755060642983
    }
  }
}