{
  "0": {
    "[6, 28, 41, 56]": {
      "1": 0.35241003949163013,
      "3": 0.6475899605083698
    }
  },
  "1": {
    "[5, 1, 45, 37, 21, 50, 42, 40]": {
      "0": 0.5093852455911775,
      "3": 0.4906147544088224
    }
  },
  "2": {
    "[10, 62, 3, 23, 20]": {
      "0": 0.3303740594411596,
      "3": 0.6696259405588403
    }
  },
  "3": {
    "[6, 54, 23, 30, 37]": {
      "1": 0.40587159281518087,
      "3": 0.5941284071848191
    }
  },
  "4": {
    "[43, 61, 2, 42, 48]": {
      "0": 0.4309114297978768,
      "1": 0.5690885702021232
    }
  },
  "5": {
    "[60, 47, 34, 4]": {
      "3": 0.3076727665361833,
      "1": 0.6923272334638167
    }
  },
  "6": {
    "[31, 10, 27, 17, 23, 46, 19, 26]": {
      "3": 0.2530549178593881,
      "1": 0.502602415085491,
      "2": 0.2443426670551208
    }
  },
  "7": {
    "[7, 9, 37, 3]": {
      "2": 0.341572670961045,
      "1": 0.6584273290389551
    }
  },
  "8": {
    "[23, 22, 51, 41, 48, 2, 39, 13, 31]": {
      "0": 0.25319443702095235,
      "3": 0.4791485598787997,
      "1": 0.26765700310024804
    }
  },
  "9": {
    "[19, 15, 61, 14, 30, 62]": {
      "0": 0.3217169419123022,
      "3": 0.6782830580876977
    }
  },
  "10": {
    "[22, 15, 32, 27, 21, 26]": {
      "0": 0.3219551485892246,
      "3": 0.6780448514107755
    }
  },
  "11": {
    "[25, 39, 10, 6, 16, 26, 36, 4]": {
      "0": 0.26614824359552935,
      "3": 0.5035076612811614,
      "1": 0.2303440951233092
    }
  },
  "12": {
    "[1, 49, 13, 14, 4, 46, 34]": {
      "3": 0.36147640078192866,
      "1": 0.6385235992180713
    }
  },
  "13": {
    "[14, 60, 44, 63, 59]": {
      "2": 0.5817258548474672,
      "0": 0.41827414515253286
    }
  },
  "14": {
    "[4, 17, 51, 32, 50, 59, 0, 54]": {
      "0": 0.2503634564114296,
      "3": 0.45402230201342536,
      "1": 0.2956142415751452
    }
  },
  "15": {
    "[50, 12, 18, 14, 45, 47, 46, 10, 13]": {
      "0": 0.24290251736216736,
      "3": 0.40771773069893064,
      "2": 0.349379751938902
    }
  }
}