{
  "vanilla_placement": {
    "gpu": {
      "mean": 61184.0,
      "var": 184778142.125,
      "std": 12675.39526263043,
      "max": 79570.4375,
      "min": 46660.0625
    },
    "node": {
      "mean": 122368.0,
      "var": 331447496.625,
      "std": 14827.0,
      "max": 137195.0,
      "min": 107541.0
    }
  },
  "sonnet_spectral_uneven_multi_repli_group_several_formula_topology_placement": {
    "gpu": {
      "mean": 61184.0,
      "var": 221853491.625,
      "std": 14046.424801472196,
      "max": 80273.25,
      "min": 43220.8125
    },
    "node": {
      "mean": 122368.0,
      "var": 225041703.0625,
      "std": 13827.1875,
      "max": 136195.1875,
      "min": 108540.8125
    }
  },
  "sonnet_spectral_uneven_multi_repli_group_several_part_of_topology_placement": {
    "gpu": {
      "mean": 61184.0,
      "var": 238420370.9375,
      "std": 14678.95299991655,
      "max": 82476.875,
      "min": 43599.5625
    },
    "node": {
      "mean": 122368.0,
      "var": 268231945.5625,
      "std": 13602.0625,
      "max": 135970.0625,
      "min": 108765.9375
    }
  },
  "gpu1_multi_part_of_topology_placement": {
    "gpu": {
      "mean": 61184.0,
      "var": 197911104.25,
      "std": 13060.543194953647,
      "max": 77703.5625,
      "min": 44128.75
    },
    "node": {
      "mean": 122368.0,
      "var": 229246490.3125,
      "std": 11892.0625,
      "max": 134260.0625,
      "min": 110475.9375
    }
  },
  "gpu2_multi_part_of_topology_placement": {
    "gpu": {
      "mean": 61184.0,
      "var": 213384020.71875,
      "std": 13487.91177438588,
      "max": 78082.625,
      "min": 43839.25
    },
    "node": {
      "mean": 122368.0,
      "var": 205526874.25,
      "std": 11374.0,
      "max": 133742.0,
      "min": 110994.0
    }
  },
  "gpu3_multi_part_of_topology_placement": {
    "gpu": {
      "mean": 61184.0,
      "var": 247136928.84375,
      "std": 14462.626542233698,
      "max": 79400.4375,
      "min": 43325.1875
    },
    "node": {
      "mean": 122368.0,
      "var": 199407272.1875,
      "std": 11105.8125,
      "max": 133473.8125,
      "min": 111262.1875
    }
  },
  "gpu4_multi_part_of_topology_placement": {
    "gpu": {
      "mean": 61184.0,
      "var": 290514909.03125,
      "std": 15517.623447589707,
      "max": 80616.8125,
      "min": 42331.25
    },
    "node": {
      "mean": 122368.0,
      "var": 187252175.1875,
      "std": 10909.3125,
      "max": 133277.3125,
      "min": 111458.6875
    }
  },
  "gpu5_multi_part_of_topology_placement": {
    "gpu": {
      "mean": 61184.0,
      "var": 307697484.6875,
      "std": 15886.523737520496,
      "max": 81000.3125,
      "min": 41800.4375
    },
    "node": {
      "mean": 122368.0,
      "var": 182963428.5625,
      "std": 10623.8125,
      "max": 132991.8125,
      "min": 111744.1875
    }
  },
  "gpu6_multi_part_of_topology_placement": {
    "gpu": {
      "mean": 61184.0,
      "var": 289452929.0625,
      "std": 15398.730415082264,
      "max": 80937.375,
      "min": 42568.875
    },
    "node": {
      "mean": 122368.0,
      "var": 181169596.5625,
      "std": 11069.6875,
      "max": 133437.6875,
      "min": 111298.3125
    }
  }
}