{
  "0": {
    "[6, 28, 41, 56, 5]": {
      "0": 0.3484737396123775,
      "3": 0.6515262603876226
    }
  },
  "1": {
    "[5, 1, 45, 37, 21, 50, 42, 40, 4]": {
      "1": 0.5020853219766196,
      "3": 0.49791467802338035
    }
  },
  "2": {
    "[10, 62, 3, 23, 20]": {
      "0": 0.32443133721408607,
      "3": 0.6755686627859139
    }
  },
  "3": {
    "[6, 54, 23, 30, 37]": {
      "1": 0.3982620385719575,
      "3": 0.6017379614280425
    }
  },
  "4": {
    "[43, 61, 2, 42, 48]": {
      "0": 0.43320141597750383,
      "1": 0.5667985840224963
    }
  },
  "5": {
    "[60, 47, 34, 4]": {
      "2": 0.2966717973806341,
      "0": 0.7033282026193658
    }
  },
  "6": {
    "[31, 10, 27, 17, 23, 46, 19, 26]": {
      "2": 0.23989566037088922,
      "0": 0.49494249146596114,
      "3": 0.2651618481631496
    }
  },
  "7": {
    "[7, 9, 37, 3]": {
      "3": 0.3469065721284729,
      "1": 0.653093427871527
    }
  },
  "8": {
    "[23, 22, 51, 41, 48, 2, 39, 13, 31, 53]": {
      "0": 0.24670197066999275,
      "2": 0.4665042816904996,
      "1": 0.28679374763950766
    }
  },
  "9": {
    "[19, 15, 61, 14, 30, 62, 25]": {
      "0": 0.33460984887710143,
      "2": 0.6653901511228987
    }
  },
  "10": {
    "[22, 15, 32, 27, 21, 26, 55]": {
      "1": 0.31983868466247317,
      "3": 0.6801613153375269
    }
  },
  "11": {
    "[25, 39, 10, 6, 16, 26, 36, 4, 0]": {
      "0": 0.2706267484299159,
      "2": 0.4805128266512494,
      "1": 0.24886042491883473
    }
  },
  "12": {
    "[1, 49, 13, 14, 4, 46, 34]": {
      "2": 0.3625197057300559,
      "0": 0.6374802942699442
    }
  },
  "13": {
    "[14, 60, 44, 63, 59]": {
      "2": 0.5837161984759169,
      "0": 0.41628380152408306
    }
  },
  "14": {
    "[4, 17, 51, 32, 50, 59, 0, 54, 10]": {
      "0": 0.2415143038792172,
      "2": 0.4360358077436141,
      "1": 0.3224498883771687
    }
  },
  "15": {
    "[50, 12, 18, 14, 45, 47, 46, 10, 13]": {
      "0": 0.2337569551421819,
      "2": 0.3831604291465361,
      "3": 0.38308261571128205
    }
  }
}