{
  "0": {
    "[6, 28, 41, 56, 5, 3, 62, 12, 48, 1]": {
      "1": 0.3325941367069219,
      "3": 0.3366542990835772,
      "0": 0.33075156420950097
    }
  },
  "1": {
    "[5, 1, 45, 37, 21, 50, 42, 40, 4]": {
      "0": 0.4941295649829953,
      "3": 0.5058704350170047
    }
  },
  "2": {
    "[10, 62, 3, 23, 20]": {
      "0": 0.28267742191529055,
      "3": 0.7173225780847093
    }
  },
  "3": {
    "[6, 54, 23, 30, 37]": {
      "1": 0.38046153627441115,
      "3": 0.6195384637255887
    }
  },
  "4": {
    "[43, 61, 2, 42, 48]": {
      "0": 0.4240735204790003,
      "1": 0.5759264795209997
    }
  },
  "5": {
    "[60, 47, 34, 50, 4]": {
      "3": 0.2777385958993506,
      "1": 0.7222614041006494
    }
  },
  "6": {
    "[31, 10, 27, 17, 23, 46, 26, 4]": {
      "3": 0.2538040909268094,
      "1": 0.5199482819754251,
      "2": 0.2262476270977655
    }
  },
  "7": {
    "[7, 54, 37, 40]": {
      "2": 0.2995928331542585,
      "1": 0.7004071668457416
    }
  },
  "8": {
    "[23, 22, 41, 2, 39, 13]": {
      "0": 0.2848441857087089,
      "3": 0.7151558142912912
    }
  },
  "9": {
    "[19, 15, 61, 14, 30, 62, 25, 1]": {
      "0": 0.2857711071280711,
      "3": 0.7142288928719289
    }
  },
  "10": {
    "[22, 15, 32, 27, 21, 26, 55, 52, 61, 35, 58, 41, 37, 29, 49]": {
      "1": 0.22726240640089915,
      "3": 0.49234727853522187,
      "0": 0.280390315063879
    }
  },
  "11": {
    "[25, 39, 10, 6, 16, 26, 36, 4, 0, 30]": {
      "0": 0.24254223391735585,
      "3": 0.5077897359183582,
      "1": 0.24966803016428604
    }
  },
  "12": {
    "[1, 49, 13, 14, 4, 46, 34]": {
      "2": 0.32046439832139284,
      "1": 0.6795356016786072
    }
  },
  "13": {
    "[14, 60, 44, 63, 59]": {
      "3": 0.5799795810815442,
      "0": 0.42002041891845576
    }
  },
  "14": {
    "[4, 17, 51, 32, 50, 59, 0, 54, 10, 29, 34, 16, 21, 57, 15]": {
      "1": 0.17915437947328314,
      "3": 0.33424355799530664,
      "0": 0.29120390191295376,
      "2": 0.19539816061845636
    }
  },
  "15": {
    "[50, 12, 18, 14, 45, 47, 46, 10, 13, 11, 37, 55]": {
      "0": 0.22002068818783765,
      "3": 0.41389046154609194,
      "2": 0.3660888502660705
    }
  }
}