{
  "gpus": {
    "0": {
      "token_num": 1159093.0,
      "bytes": 3560733696.0,
      "KB": 3477279.0,
      "MB": 3395.7802734375
    },
    "1": {
      "token_num": 961548.0,
      "bytes": 2953875456.0,
      "KB": 2884644.0,
      "MB": 2817.03515625
    },
    "2": {
      "token_num": 908705.0,
      "bytes": 2791541760.0,
      "KB": 2726115.0,
      "MB": 2662.2216796875
    },
    "3": {
      "token_num": 876062.0,
      "bytes": 2691262464.0,
      "KB": 2628186.0,
      "MB": 2566.587890625
    }
  },
  "nodes": {
    "0": {
      "token_num": 2120641.0,
      "bytes": 6514609152.0,
      "KB": 6361923.0,
      "MB": 6212.8154296875
    },
    "1": {
      "token_num": 1784767.0,
      "bytes": 5482804224.0,
      "KB": 5354301.0,
      "MB": 5228.8095703125
    }
  }
}