{
  "gpus": {
    "0": {
      "token_num": 1102638.0,
      "bytes": 3387303936.0,
      "KB": 3307914.0,
      "MB": 3230.384765625
    },
    "1": {
      "token_num": 1008765.0,
      "bytes": 3098926080.0,
      "KB": 3026295.0,
      "MB": 2955.3662109375
    },
    "2": {
      "token_num": 872362.0,
      "bytes": 2679896064.0,
      "KB": 2617086.0,
      "MB": 2555.748046875
    },
    "3": {
      "token_num": 921643.0,
      "bytes": 2831287296.0,
      "KB": 2764929.0,
      "MB": 2700.1259765625
    }
  },
  "nodes": {
    "0": {
      "token_num": 2111403.0,
      "bytes": 6486230016.0,
      "KB": 6334209.0,
      "MB": 6185.7509765625
    },
    "1": {
      "token_num": 1794005.0,
      "bytes": 5511183360.0,
      "KB": 5382015.0,
      "MB": 5255.8740234375
    }
  }
}