{
  "0": {
    "[6, 28, 41, 56, 5]": {
      "0": 0.44402183003123324,
      "3": 0.5559781699687667
    }
  },
  "1": {
    "[5, 1, 45, 37, 21, 50, 42, 40, 4]": {
      "1": 0.4999631301064808,
      "2": 0.5000368698935193
    }
  },
  "2": {
    "[10, 62, 3, 23, 20]": {
      "0": 0.31561166270154795,
      "2": 0.684388337298452
    }
  },
  "3": {
    "[6, 54, 23, 30, 37]": {
      "1": 0.40587159281518087,
      "3": 0.5941284071848191
    }
  },
  "4": {
    "[43, 61, 2, 42, 48]": {
      "1": 0.4264407886537317,
      "0": 0.5735592113462684
    }
  },
  "5": {
    "[60, 47, 34, 50]": {
      "3": 0.28236331094173817,
      "1": 0.7176366890582618
    }
  },
  "6": {
    "[31, 10, 27, 17, 23, 46, 26, 4]": {
      "3": 0.2612681536101678,
      "0": 0.5094381287801977,
      "2": 0.22929371760963455
    }
  },
  "7": {
    "[54, 37, 40, 28, 20]": {
      "3": 0.33454474020594915,
      "1": 0.665455259794051
    }
  },
  "8": {
    "[23, 22, 41, 2, 39, 13]": {
      "1": 0.3073310949952911,
      "3": 0.6926689050047089
    }
  },
  "9": {
    "[19, 15, 61, 14, 30, 62]": {
      "1": 0.30604916915996494,
      "2": 0.6939508308400352
    }
  },
  "10": {
    "[22, 15, 32, 27, 21, 26, 55]": {
      "0": 0.31685498286595626,
      "3": 0.6831450171340437
    }
  },
  "11": {
    "[25, 39, 10, 6, 16, 26, 36, 4, 0]": {
      "1": 0.26070610362944047,
      "3": 0.510753241847047,
      "0": 0.22854065452351263
    }
  },
  "12": {
    "[1, 49, 13, 14, 4, 46, 34]": {
      "2": 0.32501707110196004,
      "0": 0.67498292889804
    }
  },
  "13": {
    "[14, 60, 44, 63, 59]": {
      "3": 0.5789256471196691,
      "1": 0.42107435288033096
    }
  },
  "14": {
    "[4, 17, 51, 32, 50, 59, 0, 54, 10]": {
      "0": 0.23641662003506633,
      "3": 0.4666766936998957,
      "1": 0.2969066862650381
    }
  },
  "15": {
    "[50, 12, 18, 14, 45, 47, 46, 10, 13]": {
      "0": 0.22353667335826233,
      "3": 0.4108024779494089,
      "2": 0.3656608486923288
    }
  }
}