{
  "0": {
    "[6, 28, 41, 56, 5, 3, 62, 12, 48, 1]": {
      "0": 0.33019700686547915,
      "1": 0.3399480884311434,
      "3": 0.3298549047033774
    }
  },
  "1": {
    "[5, 1, 45, 37, 21, 50, 42, 40, 4]": {
      "1": 0.4941295649829953,
      "2": 0.5058704350170047
    }
  },
  "2": {
    "[10, 62, 3, 23, 20]": {
      "0": 0.300829799346426,
      "2": 0.699170200653574
    }
  },
  "3": {
    "[6, 54, 23, 30, 37]": {
      "1": 0.38152624701906707,
      "3": 0.618473752980933
    }
  },
  "4": {
    "[43, 61, 2, 42, 48]": {
      "1": 0.4264407886537317,
      "0": 0.5735592113462684
    }
  },
  "5": {
    "[60, 47, 34, 50]": {
      "3": 0.26808483314495235,
      "1": 0.7319151668550478
    }
  },
  "6": {
    "[31, 10, 27, 17, 23, 46, 26, 4]": {
      "3": 0.2574684385084433,
      "0": 0.5165725434597048,
      "2": 0.22595901803185187
    }
  },
  "7": {
    "[54, 37, 40, 28, 20]": {
      "3": 0.33454474020594915,
      "1": 0.665455259794051
    }
  },
  "8": {
    "[23, 22, 41, 2, 39, 13, 31, 53, 56, 9]": {
      "1": 0.2530640446376488,
      "3": 0.5177117038586297,
      "0": 0.22922425150372155
    }
  },
  "9": {
    "[19, 15, 61, 14, 30, 62, 25]": {
      "1": 0.3094818716135142,
      "2": 0.6905181283864857
    }
  },
  "10": {
    "[22, 15, 32, 27, 21, 26, 55, 52, 61, 35, 58, 41, 37, 29]": {
      "0": 0.23996609461307247,
      "3": 0.4925014073467976,
      "1": 0.2675324980401299
    }
  },
  "11": {
    "[25, 39, 10, 6, 16, 26, 36, 4, 0, 30]": {
      "1": 0.2483435906996024,
      "3": 0.4993742936020019,
      "0": 0.25228211569839576
    }
  },
  "12": {
    "[1, 49, 13, 14, 4, 46, 34]": {
      "2": 0.32501707110196004,
      "0": 0.67498292889804
    }
  },
  "13": {
    "[14, 60, 44, 63, 59]": {
      "3": 0.5806597453399315,
      "1": 0.4193402546600686
    }
  },
  "14": {
    "[4, 17, 51, 32, 50, 59, 0, 54, 10, 29]": {
      "0": 0.20808913881159616,
      "3": 0.4422846295366407,
      "1": 0.3496262316517632
    }
  },
  "15": {
    "[50, 12, 18, 14, 45, 47, 46, 10, 13, 11, 37]": {
      "0": 0.222095312750766,
      "3": 0.40792078784973196,
      "2": 0.36998389939950205
    }
  }
}