{
  "vanilla_placement": {
    "gpu": {
      "mean": 61184.0,
      "var": 184778142.125,
      "std": 12675.39526263043,
      "max": 79570.4375,
      "min": 46660.0625
    },
    "node": {
      "mean": 122368.0,
      "var": 331447496.625,
      "std": 14827.0,
      "max": 137195.0,
      "min": 107541.0
    }
  },
  "sonnet_spectral_uneven_multi_repli_group_several_formula_topology_placement": {
    "gpu": {
      "mean": 61184.0,
      "var": 221860563.5,
      "std": 14046.71870571673,
      "max": 80273.25,
      "min": 43219.5625
    },
    "node": {
      "mean": 122368.0,
      "var": 225041703.0625,
      "std": 13827.1875,
      "max": 136195.1875,
      "min": 108540.8125
    }
  },
  "sonnet_spectral_uneven_multi_repli_group_several_part_of_topology_placement": {
    "gpu": {
      "mean": 61184.0,
      "var": 238512803.75,
      "std": 14682.722198457996,
      "max": 82476.875,
      "min": 43585.5
    },
    "node": {
      "mean": 122368.0,
      "var": 268231945.5625,
      "std": 13602.0625,
      "max": 135970.0625,
      "min": 108765.9375
    }
  },
  "gpu1_multi_part_of_topology_placement": {
    "gpu": {
      "mean": 61184.0,
      "var": 253134082.0,
      "std": 15014.862966555338,
      "max": 81009.0625,
      "min": 41945.125
    },
    "node": {
      "mean": 122368.0,
      "var": 351995307.9375,
      "std": 16297.1875,
      "max": 138665.1875,
      "min": 106070.8125
    }
  },
  "gpu2_multi_part_of_topology_placement": {
    "gpu": {
      "mean": 61184.0,
      "var": 268340751.46875,
      "std": 15380.470995170348,
      "max": 81693.875,
      "min": 41799.5
    },
    "node": {
      "mean": 122368.0,
      "var": 313199387.25,
      "std": 15098.875,
      "max": 137466.875,
      "min": 107269.125
    }
  },
  "gpu3_multi_part_of_topology_placement": {
    "gpu": {
      "mean": 61184.0,
      "var": 305735198.28125,
      "std": 16197.808984111012,
      "max": 82855.5,
      "min": 41561.3125
    },
    "node": {
      "mean": 122368.0,
      "var": 305360157.0,
      "std": 14813.375,
      "max": 137181.375,
      "min": 107554.625
    }
  },
  "gpu4_multi_part_of_topology_placement": {
    "gpu": {
      "mean": 61184.0,
      "var": 294640364.8125,
      "std": 15665.57135727647,
      "max": 82470.875,
      "min": 42265.0
    },
    "node": {
      "mean": 122368.0,
      "var": 286179907.75,
      "std": 14035.125,
      "max": 136403.125,
      "min": 108332.875
    }
  },
  "gpu5_multi_part_of_topology_placement": {
    "gpu": {
      "mean": 61184.0,
      "var": 296235148.3125,
      "std": 15581.117503256024,
      "max": 82064.5,
      "min": 42345.6875
    },
    "node": {
      "mean": 122368.0,
      "var": 272220217.4375,
      "std": 13479.9375,
      "max": 135847.9375,
      "min": 108888.0625
    }
  },
  "gpu6_multi_part_of_topology_placement": {
    "gpu": {
      "mean": 61184.0,
      "var": 302977968.4375,
      "std": 15793.528956824262,
      "max": 82244.0,
      "min": 42010.5625
    },
    "node": {
      "mean": 122368.0,
      "var": 262966355.4375,
      "std": 13343.5625,
      "max": 135711.5625,
      "min": 109024.4375
    }
  }
}